id,filesystem,candidate_index,function,failure_file,failure_line,failure_expression,exit_line,exit_expression,effect_summary,report_validity,bug_status,source_verdict,root_cause_family,rationale,related_finding,reviewed_on
BTRFS-001,btrfs,1,btrfs_backref_add_tree_node,linux-sources/linux-v6.14-fs/fs/btrfs/backref.c,3542,"handle_indirect_tree_backref(trans, cache, path, &key, node_key, cur)",3557,return ret;,cur.is_reloc_root:SET@3533;cur.root:SET@3533,FALSE_POSITIVE,NO_BUG,FALSE_ALARM,PRIVATE_OR_CLEANED_STATE,"The reported effect belongs to an unpublished object, output/cursor, or temporary cache, or is removed by the reviewed error cleanup; no live metadata owner retains it.",,2026-07-24
BTRFS-002,btrfs,2,btrfs_backref_finish_upper_links,linux-sources/linux-v6.14-fs/fs/btrfs/backref.c,3624,"rb_simple_insert(&cache->rb_root, upper->bytenr, &upper->rb_node)",3628,return -EUCLEAN;,pending_edge.list_membership:ADD@3583,FALSE_POSITIVE,NO_BUG,FALSE_ALARM,PRIVATE_OR_CLEANED_STATE,"The reported effect belongs to an unpublished object, output/cursor, or temporary cache, or is removed by the reviewed error cleanup; no live metadata owner retains it.",,2026-07-24
BTRFS-003,btrfs,3,exclude_super_stripes,linux-sources/linux-v6.14-fs/fs/btrfs/block-group.c,2185,"set_extent_bit(&fs_info->excluded_extents, cache->start, cache->start + stripe_len - 1, EXTENT_UPTODATE, NULL)",2189,return ret;,cache.bytes_super:INC@2184,FALSE_POSITIVE,NO_BUG,FALSE_ALARM,PRIVATE_OR_CLEANED_STATE,"The reported effect belongs to an unpublished object, output/cursor, or temporary cache, or is removed by the reviewed error cleanup; no live metadata owner retains it.",,2026-07-24
BTRFS-004,btrfs,4,exclude_super_stripes,linux-sources/linux-v6.14-fs/fs/btrfs/block-group.c,2213,"set_extent_bit(&fs_info->excluded_extents, logical[nr], logical[nr] + len - 1, EXTENT_UPTODATE, NULL)",2218,return ret;,cache.bytes_super:INC@2184;cache.bytes_super:INC@2212,FALSE_POSITIVE,NO_BUG,FALSE_ALARM,PRIVATE_OR_CLEANED_STATE,"The reported effect belongs to an unpublished object, output/cursor, or temporary cache, or is removed by the reviewed error cleanup; no live metadata owner retains it.",,2026-07-24
BTRFS-005,btrfs,5,read_one_block_group,linux-sources/linux-v6.14-fs/fs/btrfs/block-group.c,2366,"btrfs_load_block_group_zone_info(cache, false)",2437,return ret;,cache.free_space_ctl:SET@2331,FALSE_POSITIVE,NO_BUG,FALSE_ALARM,FAILED_OBJECT_TEARDOWN,"The failure prevents publication or mount completion, and the reviewed owner teardown destroys the partially initialized object and its state.",,2026-07-24
BTRFS-006,btrfs,6,read_one_block_group,linux-sources/linux-v6.14-fs/fs/btrfs/block-group.c,2378,exclude_super_stripes(cache),2437,return ret;,cache.free_space_ctl:SET@2331,FALSE_POSITIVE,NO_BUG,FALSE_ALARM,FAILED_OBJECT_TEARDOWN,"The failure prevents publication or mount completion, and the reviewed owner teardown destroys the partially initialized object and its state.",,2026-07-24
BTRFS-007,btrfs,7,read_one_block_group,linux-sources/linux-v6.14-fs/fs/btrfs/block-group.c,2406,"btrfs_add_new_free_space(cache, cache->start, cache->start + cache->length, NULL)",2437,return ret;,cache.free_space_ctl:SET@2331;cache.bytes_super:INC@2378,FALSE_POSITIVE,NO_BUG,FALSE_ALARM,FAILED_OBJECT_TEARDOWN,"The failure prevents publication or mount completion, and the reviewed owner teardown destroys the partially initialized object and its state.",,2026-07-24
BTRFS-008,btrfs,8,read_one_block_group,linux-sources/linux-v6.14-fs/fs/btrfs/block-group.c,2413,"btrfs_add_block_group_cache(info, cache)",2437,return ret;,cache.free_space_ctl:SET@2331;cache.bytes_super:INC@2378,FALSE_POSITIVE,NO_BUG,FALSE_ALARM,FAILED_OBJECT_TEARDOWN,"The failure prevents publication or mount completion, and the reviewed owner teardown destroys the partially initialized object and its state.",,2026-07-24
BTRFS-009,btrfs,9,fill_dummy_bgs,linux-sources/linux-v6.14-fs/fs/btrfs/block-group.c,2462,"btrfs_add_block_group_cache(fs_info, bg)",2485,return ret;,bg.free_space_ctl:SET@2450,FALSE_POSITIVE,NO_BUG,FALSE_ALARM,FAILED_OBJECT_TEARDOWN,"The failure prevents publication or mount completion, and the reviewed owner teardown destroys the partially initialized object and its state.",,2026-07-24
BTRFS-010,btrfs,10,insert_block_group_item,linux-sources/linux-v6.14-fs/fs/btrfs/block-group.c,2628,"btrfs_insert_item(trans, root, &key, &bgi, sizeof(bgi))",2635,return ret;,block_group.commit_used:SET@2622,TRUE_RESIDUAL,NO_BUG,CONTAINED_NOT_BUG,TRANSACTION_OR_FATAL_CONTAINMENT,"The mutation can remain at this function return, but the caller cancels/aborts the dirty transaction or shuts down the filesystem, so the state cannot continue as ordinary live metadata.",,2026-07-24
BTRFS-011,btrfs,11,btrfs_make_block_group,linux-sources/linux-v6.14-fs/fs/btrfs/block-group.c,2862,"btrfs_load_block_group_zone_info(cache, true)",2865,return ERR_PTR(ret);,cache.free_space_ctl:SET@2842,FALSE_POSITIVE,NO_BUG,FALSE_ALARM,FAILED_OBJECT_TEARDOWN,"The failure prevents publication or mount completion, and the reviewed owner teardown destroys the partially initialized object and its state.",,2026-07-24
BTRFS-012,btrfs,12,btrfs_make_block_group,linux-sources/linux-v6.14-fs/fs/btrfs/block-group.c,2868,exclude_super_stripes(cache),2873,return ERR_PTR(ret);,cache.free_space_ctl:SET@2842,FALSE_POSITIVE,NO_BUG,FALSE_ALARM,FAILED_OBJECT_TEARDOWN,"The failure prevents publication or mount completion, and the reviewed owner teardown destroys the partially initialized object and its state.",,2026-07-24
BTRFS-013,btrfs,13,btrfs_make_block_group,linux-sources/linux-v6.14-fs/fs/btrfs/block-group.c,2876,"btrfs_add_new_free_space(cache, chunk_offset, chunk_offset + size, NULL)",2880,return ERR_PTR(ret);,cache.free_space_ctl:SET@2842;cache.bytes_super:INC@2868,FALSE_POSITIVE,NO_BUG,FALSE_ALARM,FAILED_OBJECT_TEARDOWN,"The failure prevents publication or mount completion, and the reviewed owner teardown destroys the partially initialized object and its state.",,2026-07-24
BTRFS-014,btrfs,14,btrfs_make_block_group,linux-sources/linux-v6.14-fs/fs/btrfs/block-group.c,2891,"btrfs_add_block_group_cache(fs_info, cache)",2895,return ERR_PTR(ret);,cache.free_space_ctl:SET@2842;cache.bytes_super:INC@2868,FALSE_POSITIVE,NO_BUG,FALSE_ALARM,FAILED_OBJECT_TEARDOWN,"The failure prevents publication or mount completion, and the reviewed owner teardown destroys the partially initialized object and its state.",,2026-07-24
BTRFS-015,btrfs,15,update_block_group_item,linux-sources/linux-v6.14-fs/fs/btrfs/block-group.c,3106,"btrfs_search_slot(trans, root, &key, path, 0, 1)",3136,return ret;,cache.commit_used:SET@3099,TRUE_RESIDUAL,NO_BUG,CONTAINED_NOT_BUG,TRANSACTION_OR_FATAL_CONTAINMENT,"The mutation can remain at this function return, but the caller cancels/aborts the dirty transaction or shuts down the filesystem, so the state cannot continue as ordinary live metadata.",,2026-07-24
BTRFS-016,btrfs,16,balance_level,linux-sources/linux-v6.14-fs/fs/btrfs/ctree.c,924,"btrfs_free_tree_block(trans, btrfs_root_id(root), mid, 0, 1)",1112,return ret;,root->state.bit:BTRFS_ROOT_DIRTY:SET@913,TRUE_RESIDUAL,NO_BUG,CONTAINED_NOT_BUG,TRANSACTION_OR_FATAL_CONTAINMENT,"The mutation can remain at this function return, but the caller cancels/aborts the dirty transaction or shuts down the filesystem, so the state cannot continue as ordinary live metadata.",,2026-07-24
BTRFS-017,btrfs,17,btrfs_defrag_file,linux-sources/linux-v6.14-fs/fs/btrfs/defrag.c,1435,"defrag_one_cluster(BTRFS_I(inode), ra, cur, cluster_end + 1 - cur, extent_thresh, newer_than, do_compress, &sectors_defragged, max_to_defrag, &last_scanned)",1481,return ret;,inode->i_mapping.writeback_index:SET@1406;BTRFS_I(inode).defrag_compress:SET@1434,FALSE_POSITIVE,NO_BUG,FALSE_ALARM,INTENTIONAL_PROGRESS_OR_OUTPUT,"The value is an output, retry cursor, cache population, terminal error state, or completed progress that is intentionally retained across the later failure.",,2026-07-24
BTRFS-018,btrfs,18,btrfs_get_or_create_delayed_node,linux-sources/linux-v6.14-fs/fs/btrfs/delayed-inode.c,152,"xa_load(&root->delayed_nodes, ino)",139,return ERR_PTR(-ENOMEM);,btrfs_inode->root->delayed_nodes.xa_reserve:RESERVE@146;btrfs_inode.delayed_node:SET@133;node.root:SET@140;node.ino:SET@140;node.ins_root:SET@140;node.del_root:SET@140,FALSE_POSITIVE,NO_BUG,FALSE_ALARM,PRIVATE_OR_CLEANED_STATE,"The reported effect belongs to an unpublished object, output/cursor, or temporary cache, or is removed by the reviewed error cleanup; no live metadata owner retains it.",,2026-07-24
BTRFS-019,btrfs,19,btrfs_insert_delayed_item,linux-sources/linux-v6.14-fs/fs/btrfs/delayed-inode.c,753,"btrfs_insert_empty_items(trans, root, path, &batch)",812,return ret;,item_list.list_membership:ADD@690;item_list.list_membership:ADD@716,TRUE_RESIDUAL,NO_BUG,CONTAINED_NOT_BUG,TRANSACTION_OR_FATAL_CONTAINMENT,"The mutation can remain at this function return, but the caller cancels/aborts the dirty transaction or shuts down the filesystem, so the state cannot continue as ordinary live metadata.",,2026-07-24
BTRFS-020,btrfs,20,btrfs_batch_delete_items,linux-sources/linux-v6.14-fs/fs/btrfs/delayed-inode.c,892,"btrfs_del_items(trans, root, path, path->slots[0], nitems)",894,return ret;,batch_list.list_membership:ADD@866;batch_list.list_membership:ADD@888,TRUE_RESIDUAL,NO_BUG,CONTAINED_NOT_BUG,TRANSACTION_OR_FATAL_CONTAINMENT,"The mutation can remain at this function return, but the caller cancels/aborts the dirty transaction or shuts down the filesystem, so the state cannot continue as ordinary live metadata.",,2026-07-24
BTRFS-021,btrfs,21,btrfs_insert_delayed_dir_index,linux-sources/linux-v6.14-fs/fs/btrfs/delayed-inode.c,1512,"__btrfs_add_delayed_item(delayed_node, delayed_item)",1555,return ret;,delayed_item.index:SET@1490;dir_item.location:SET@1493;dir_item.btrfs_set_stack_dir_transid:ADD@1494;dir->root->delayed_nodes.xa_reserve:RESERVE@1478;dir.delayed_node:SET@1478;delayed_item.delayed_node:SET@1482,FALSE_POSITIVE,NO_BUG,FALSE_ALARM,PRIVATE_OR_CLEANED_STATE,"The reported effect belongs to an unpublished object, output/cursor, or temporary cache, or is removed by the reviewed error cleanup; no live metadata owner retains it.",,2026-07-24
BTRFS-022,btrfs,22,btrfs_delete_delayed_dir_index,linux-sources/linux-v6.14-fs/fs/btrfs/delayed-inode.c,1628,"btrfs_delayed_item_reserve_metadata(trans, item)",1653,return ret;,item.delayed_node:SET@1620,FALSE_POSITIVE,NO_BUG,FALSE_ALARM,PRIVATE_OR_CLEANED_STATE,"The reported effect belongs to an unpublished object, output/cursor, or temporary cache, or is removed by the reviewed error cleanup; no live metadata owner retains it.",,2026-07-24
BTRFS-023,btrfs,23,btrfs_delete_delayed_dir_index,linux-sources/linux-v6.14-fs/fs/btrfs/delayed-inode.c,1641,"__btrfs_add_delayed_item(node, item)",1653,return ret;,trans.btrfs_delayed_item_reserve_metadata:RESERVE@1628;item.delayed_node:SET@1620,FALSE_POSITIVE,NO_BUG,FALSE_ALARM,PRIVATE_OR_CLEANED_STATE,"The reported effect belongs to an unpublished object, output/cursor, or temporary cache, or is removed by the reviewed error cleanup; no live metadata owner retains it.",,2026-07-24
BTRFS-024,btrfs,24,btrfs_delayed_update_inode,linux-sources/linux-v6.14-fs/fs/btrfs/delayed-inode.c,1936,"btrfs_delayed_inode_reserve_metadata(trans, root, delayed_node)",1947,return ret;,inode->root->delayed_nodes.xa_reserve:RESERVE@1925;inode.delayed_node:SET@1925,TRUE_RESIDUAL,NO_BUG,CONTAINED_NOT_BUG,TRANSACTION_OR_FATAL_CONTAINMENT,"The mutation can remain at this function return, but the caller cancels/aborts the dirty transaction or shuts down the filesystem, so the state cannot continue as ordinary live metadata.",,2026-07-24
BTRFS-025,btrfs,25,btrfs_add_delayed_extent_op,linux-sources/linux-v6.14-fs/fs/btrfs/delayed-ref.c,1137,"xa_reserve(&delayed_refs->head_refs, index, GFP_NOFS)",1140,return ret;,head_ref.bytenr:SET@1132;head_ref.num_bytes:SET@1132;head_ref.ref_mod:SET@1132;head_ref.reserved_bytes:SET@1132;head_ref.must_insert_reserved:SET@1132;head_ref.owning_root:SET@1132;head_ref.is_data:SET@1132;head_ref.is_system:SET@1132;head_ref.ref_tree:SET@1132;head_ref.total_ref_mod:SET@1132;head_ref.level:SET@1132;NULL.data_rsv:SET@1132;NULL.data_rsv_refroot:SET@1132;NULL.num_bytes:SET@1132,FALSE_POSITIVE,NO_BUG,FALSE_ALARM,PRIVATE_OR_CLEANED_STATE,"The reported effect belongs to an unpublished object, output/cursor, or temporary cache, or is removed by the reviewed error cleanup; no live metadata owner retains it.",,2026-07-24
BTRFS-026,btrfs,26,btrfs_init_dev_replace_tgtdev,linux-sources/linux-v6.14-fs/fs/btrfs/dev-replace.c,322,"btrfs_get_dev_zone_info(device, false)",337,return ret;,device->dev_state.bit:BTRFS_DEV_STATE_WRITEABLE:SET@303;device.io_width:SET@305;device.io_align:SET@306;device.sector_size:SET@307;device.total_bytes:SET@308;device.disk_total_bytes:SET@309;device.bytes_used:SET@310;device.commit_total_bytes:SET@311;device.commit_bytes_used:SET@312;device.fs_info:SET@313;device.bdev:SET@314;device.bdev_file:SET@315;device->dev_state.bit:BTRFS_DEV_STATE_IN_FS_METADATA:SET@316;device->dev_state.bit:BTRFS_DEV_STATE_REPLACE_TGT:SET@317;device.dev_stats_valid:SET@318;device.fs_devices:SET@320,FALSE_POSITIVE,CONFIRMED_DIFFERENT_DEFECT,DIFFERENT_DEFECT,UNPUBLISHED_OBJECT_RESOURCE_LEAK,"The reported device field values die with an unpublished object and are not metadata residuals, but btrfs_init_dev_replace_tgtdev() omits btrfs_free_device() after zone-info failure and leaks the allocated device.",pending P2,2026-07-24
BTRFS-027,btrfs,27,btrfs_dev_replace_start,linux-sources/linux-v6.14-fs/fs/btrfs/dev-replace.c,636,"mark_block_group_to_copy(fs_info, src_device)",638,return ret;,trans.btrfs_commit_transaction:ADD@624;tgt_device->dev_state.bit:BTRFS_DEV_STATE_WRITEABLE:SET@631;tgt_device.io_width:SET@631;tgt_device.io_align:SET@631;tgt_device.sector_size:SET@631;tgt_device.total_bytes:SET@631;tgt_device.disk_total_bytes:SET@631;tgt_device.bytes_used:SET@631;tgt_device.commit_total_bytes:SET@631;tgt_device.commit_bytes_used:SET@631;tgt_device.fs_info:SET@631;tgt_device.bdev:SET@631;tgt_device.bdev_file:SET@631;tgt_device->dev_state.bit:BTRFS_DEV_STATE_IN_FS_METADATA:SET@631;tgt_device->dev_state.bit:BTRFS_DEV_STATE_REPLACE_TGT:SET@631;tgt_device.dev_stats_valid:SET@631;tgt_device.fs_devices:SET@631;fs_info->fs_devices->devices.list_membership:ADD@631;fs_info->fs_devices.num_devices:INC@631;fs_info->fs_devices.open_devices:INC@631,TRUE_RESIDUAL,LIKELY,TRUE_ISSUE,PUBLISHED_DEVICE_NOT_ROLLED_BACK,The target is linked and num_devices/open_devices are incremented before mark_block_group_to_copy(); its direct error return bypasses target destruction and leaves replacement unstarted with a live linked device.,pending P3,2026-07-24
BTRFS-028,btrfs,28,btrfs_dev_replace_finishing,linux-sources/linux-v6.14-fs/fs/btrfs/dev-replace.c,947,"btrfs_set_target_alloc_state(src_device, tgt_device)",970,return scrub_ret;,trans.btrfs_commit_transaction:ADD@917;fs_info->dev_replace.replace_state:SET@934;fs_info->dev_replace.time_stopped:SET@939;fs_info->dev_replace.item_needs_writeback:SET@940,FALSE_POSITIVE,NO_BUG,FALSE_ALARM,INTENTIONAL_PROGRESS_OR_OUTPUT,"The value is an output, retry cursor, cache population, terminal error state, or completed progress that is intentionally retained across the later failure.",,2026-07-24
BTRFS-029,btrfs,29,btrfs_dev_replace_cancel,linux-sources/linux-v6.14-fs/fs/btrfs/dev-replace.c,1147,"btrfs_start_transaction(root, 0)",1150,return PTR_ERR(trans);,fs_info->dev_replace.replace_state:SET@1137;fs_info->dev_replace.time_stopped:SET@1139;fs_info->dev_replace.item_needs_writeback:SET@1140,FALSE_POSITIVE,NO_BUG,FALSE_ALARM,INTENTIONAL_PROGRESS_OR_OUTPUT,"The value is an output, retry cursor, cache population, terminal error state, or completed progress that is intentionally retained across the later failure.",,2026-07-24
BTRFS-030,btrfs,30,btrfs_init_log_root_tree,linux-sources/linux-v6.14-fs/fs/btrfs/disk-io.c,973,"btrfs_alloc_log_tree_node(trans, log_root)",977,return ret;,log_root->root_key.objectid:SET@968;log_root->root_key.type:SET@968;log_root->root_key.offset:SET@968,FALSE_POSITIVE,NO_BUG,FALSE_ALARM,FAILED_OBJECT_TEARDOWN,"The failure prevents publication or mount completion, and the reviewed owner teardown destroys the partially initialized object and its state.",,2026-07-24
BTRFS-031,btrfs,31,btrfs_add_log_tree,linux-sources/linux-v6.14-fs/fs/btrfs/disk-io.c,998,"btrfs_alloc_log_tree_node(trans, log_root)",1001,return ret;,log_root->root_key.objectid:SET@994;log_root->root_key.type:SET@994;log_root->root_key.offset:SET@994,FALSE_POSITIVE,NO_BUG,FALSE_ALARM,PRIVATE_OR_CLEANED_STATE,"The reported effect belongs to an unpublished object, output/cursor, or temporary cache, or is removed by the reviewed error cleanup; no live metadata owner retains it.",,2026-07-24
BTRFS-032,btrfs,32,btrfs_init_fs_root,linux-sources/linux-v6.14-fs/fs/btrfs/disk-io.c,1128,get_anon_bdev(&root->anon_dev),1150,return ret;,root->state.bit:BTRFS_ROOT_SHAREABLE:SET@1117,FALSE_POSITIVE,NO_BUG,FALSE_ALARM,FAILED_OBJECT_TEARDOWN,"The failure prevents publication or mount completion, and the reviewed owner teardown destroys the partially initialized object and its state.",,2026-07-24
BTRFS-033,btrfs,33,btrfs_init_fs_root,linux-sources/linux-v6.14-fs/fs/btrfs/disk-io.c,1137,btrfs_init_root_free_objectid(root),1150,return ret;,root->state.bit:BTRFS_ROOT_SHAREABLE:SET@1117;root.anon_dev:SET@1132,FALSE_POSITIVE,NO_BUG,FALSE_ALARM,FAILED_OBJECT_TEARDOWN,"The failure prevents publication or mount completion, and the reviewed owner teardown destroys the partially initialized object and its state.",,2026-07-24
BTRFS-034,btrfs,34,btrfs_get_root_ref,linux-sources/linux-v6.14-fs/fs/btrfs/disk-io.c,1378,"btrfs_search_slot(NULL, fs_info->tree_root, &key, path, 0, 0)",1404,return ERR_PTR(ret);,root->state.bit:BTRFS_ROOT_SHAREABLE:SET@1365;root.anon_dev ? *anon_dev : 0:SET@1365,FALSE_POSITIVE,NO_BUG,FALSE_ALARM,FAILED_OBJECT_TEARDOWN,"The failure prevents publication or mount completion, and the reviewed owner teardown destroys the partially initialized object and its state.",,2026-07-24
BTRFS-035,btrfs,35,btrfs_get_root_ref,linux-sources/linux-v6.14-fs/fs/btrfs/disk-io.c,1385,"btrfs_insert_fs_root(fs_info, root)",1348,return ERR_PTR(-ENOENT);,root->state.bit:BTRFS_ROOT_ORPHAN_ITEM_INSERTED:SET@1383;root->state.bit:BTRFS_ROOT_SHAREABLE:SET@1365;root.anon_dev ? *anon_dev : 0:SET@1365,FALSE_POSITIVE,NO_BUG,FALSE_ALARM,FAILED_OBJECT_TEARDOWN,"The failure prevents publication or mount completion, and the reviewed owner teardown destroys the partially initialized object and its state.",,2026-07-24
BTRFS-036,btrfs,36,load_global_roots_objectid,linux-sources/linux-v6.14-fs/fs/btrfs/disk-io.c,2176,btrfs_global_root_insert(root),2198,return ret;,root->state.bit:BTRFS_ROOT_TRACK_DIRTY:SET@2175,FALSE_POSITIVE,NO_BUG,FALSE_ALARM,FAILED_OBJECT_TEARDOWN,"The failure prevents publication or mount completion, and the reviewed owner teardown destroys the partially initialized object and its state.",,2026-07-24
BTRFS-037,btrfs,37,load_global_roots,linux-sources/linux-v6.14-fs/fs/btrfs/disk-io.c,2214,"load_global_roots_objectid(tree_root, path, BTRFS_CSUM_TREE_OBJECTID, ""csum"")",2225,return ret;,tree_root->fs_info->fs_state.bit:BTRFS_FS_STATE_NO_DATA_CSUMS:SET@2210;tree_root->fs_info.nr_global_roots:SET@2210,FALSE_POSITIVE,NO_BUG,FALSE_ALARM,FAILED_OBJECT_TEARDOWN,"The failure prevents publication or mount completion, and the reviewed owner teardown destroys the partially initialized object and its state.",,2026-07-24
BTRFS-038,btrfs,38,btrfs_read_roots,linux-sources/linux-v6.14-fs/fs/btrfs/disk-io.c,2270,btrfs_init_devices_late(fs_info),2328,return ret;,root->state.bit:BTRFS_ROOT_TRACK_DIRTY:SET@2253;fs_info.block_group_root:SET@2254;root->state.bit:BTRFS_ROOT_TRACK_DIRTY:SET@2266;fs_info.dev_root:SET@2267,FALSE_POSITIVE,NO_BUG,FALSE_ALARM,FAILED_OBJECT_TEARDOWN,"The failure prevents publication or mount completion, and the reviewed owner teardown destroys the partially initialized object and its state.",,2026-07-24
BTRFS-039,btrfs,39,init_tree_roots,linux-sources/linux-v6.14-fs/fs/btrfs/disk-io.c,2744,btrfs_read_roots(fs_info),2723,return ret;,tree_root.free_objectid:SET@2736,FALSE_POSITIVE,NO_BUG,FALSE_ALARM,FAILED_OBJECT_TEARDOWN,"The failure prevents publication or mount completion, and the reviewed owner teardown destroys the partially initialized object and its state.",,2026-07-24
BTRFS-040,btrfs,40,init_mount_fs_info,linux-sources/linux-v6.14-fs/fs/btrfs/disk-io.c,2934,"percpu_counter_init(&fs_info->delalloc_bytes, 0, GFP_KERNEL)",2936,return ret;,fs_info.dirty_metadata_batch:SET@2931,FALSE_POSITIVE,NO_BUG,FALSE_ALARM,FAILED_OBJECT_TEARDOWN,"The failure prevents publication or mount completion, and the reviewed owner teardown destroys the partially initialized object and its state.",,2026-07-24
BTRFS-041,btrfs,41,init_mount_fs_info,linux-sources/linux-v6.14-fs/fs/btrfs/disk-io.c,2938,"percpu_counter_init(&fs_info->dev_replace.bio_counter, 0, GFP_KERNEL)",2941,return ret;,fs_info.dirty_metadata_batch:SET@2931,FALSE_POSITIVE,NO_BUG,FALSE_ALARM,FAILED_OBJECT_TEARDOWN,"The failure prevents publication or mount completion, and the reviewed owner teardown destroys the partially initialized object and its state.",,2026-07-24
BTRFS-042,btrfs,42,open_ctree,linux-sources/linux-v6.14-fs/fs/btrfs/disk-io.c,3305,btrfs_init_btree_inode(sb),3684,return ret;,fs_info.tree_root:SET@3296;fs_info.chunk_root:SET@3299;fs_info.dirty_metadata_batch:SET@3289;fs_info.delayed_root:SET@3289;fs_info->fs_state.bit:BTRFS_FS_STATE_RO:SET@3289;fs_info->fs_state.bit:BTRFS_FS_STATE_SKIP_META_CSUMS:SET@3289,FALSE_POSITIVE,NO_BUG,FALSE_ALARM,FAILED_OBJECT_TEARDOWN,"The failure prevents publication or mount completion, and the reviewed owner teardown destroys the partially initialized object and its state.",,2026-07-24
BTRFS-043,btrfs,43,open_ctree,linux-sources/linux-v6.14-fs/fs/btrfs/disk-io.c,3336,"btrfs_init_csum_hash(fs_info, csum_type)",3684,return ret;,fs_info.tree_root:SET@3296;fs_info.chunk_root:SET@3299;fs_info.dirty_metadata_batch:SET@3289;fs_info.delayed_root:SET@3289;fs_info->fs_state.bit:BTRFS_FS_STATE_RO:SET@3289;fs_info->fs_state.bit:BTRFS_FS_STATE_SKIP_META_CSUMS:SET@3289;sb->btree_inode.i_size:SET@3305;BTRFS_I(sb->btree_inode).root:SET@3305;BTRFS_I(sb->btree_inode)->runtime_flags.bit:BTRFS_INODE_DUMMY:SET@3305;sb.btree_inode:SET@3305,FALSE_POSITIVE,NO_BUG,FALSE_ALARM,FAILED_OBJECT_TEARDOWN,"The failure prevents publication or mount completion, and the reviewed owner teardown destroys the partially initialized object and its state.",,2026-07-24
BTRFS-044,btrfs,44,open_ctree,linux-sources/linux-v6.14-fs/fs/btrfs/disk-io.c,3366,btrfs_validate_mount_super(fs_info),3684,return ret;,fs_info.tree_root:SET@3296;fs_info.chunk_root:SET@3299;fs_info.dirty_metadata_batch:SET@3289;fs_info.delayed_root:SET@3289;fs_info->fs_state.bit:BTRFS_FS_STATE_RO:SET@3289;fs_info->fs_state.bit:BTRFS_FS_STATE_SKIP_META_CSUMS:SET@3289;sb->btree_inode.i_size:SET@3305;BTRFS_I(sb->btree_inode).root:SET@3305;BTRFS_I(sb->btree_inode)->runtime_flags.bit:BTRFS_INODE_DUMMY:SET@3305;sb.btree_inode:SET@3305;fs_info->flags.bit:BTRFS_FS_CSUM_IMPL_FAST:SET@3336,FALSE_POSITIVE,NO_BUG,FALSE_ALARM,FAILED_OBJECT_TEARDOWN,"The failure prevents publication or mount completion, and the reviewed owner teardown destroys the partially initialized object and its state.",,2026-07-24
BTRFS-045,btrfs,45,open_ctree,linux-sources/linux-v6.14-fs/fs/btrfs/disk-io.c,3409,"btrfs_check_features(fs_info, !sb_rdonly(sb))",3684,return ret;,fs_info.tree_root:SET@3296;fs_info.chunk_root:SET@3299;fs_info.dirty_metadata_batch:SET@3387;fs_info->fs_devices.fs_info:SET@3396;fs_info.dirty_metadata_batch:SET@3289;fs_info.delayed_root:SET@3289;fs_info->fs_state.bit:BTRFS_FS_STATE_RO:SET@3289;fs_info->fs_state.bit:BTRFS_FS_STATE_SKIP_META_CSUMS:SET@3289;sb->btree_inode.i_size:SET@3305;BTRFS_I(sb->btree_inode).root:SET@3305;BTRFS_I(sb->btree_inode)->runtime_flags.bit:BTRFS_INODE_DUMMY:SET@3305;sb.btree_inode:SET@3305;fs_info->flags.bit:BTRFS_FS_CSUM_IMPL_FAST:SET@3336,FALSE_POSITIVE,NO_BUG,FALSE_ALARM,FAILED_OBJECT_TEARDOWN,"The failure prevents publication or mount completion, and the reviewed owner teardown destroys the partially initialized object and its state.",,2026-07-24
BTRFS-046,btrfs,46,open_ctree,linux-sources/linux-v6.14-fs/fs/btrfs/disk-io.c,3424,btrfs_init_workqueues(fs_info),3684,return ret;,fs_info.tree_root:SET@3296;fs_info.chunk_root:SET@3299;fs_info.dirty_metadata_batch:SET@3387;fs_info->fs_devices.fs_info:SET@3396;fs_info.dirty_metadata_batch:SET@3289;fs_info.delayed_root:SET@3289;fs_info->fs_state.bit:BTRFS_FS_STATE_RO:SET@3289;fs_info->fs_state.bit:BTRFS_FS_STATE_SKIP_META_CSUMS:SET@3289;sb->btree_inode.i_size:SET@3305;BTRFS_I(sb->btree_inode).root:SET@3305;BTRFS_I(sb->btree_inode)->runtime_flags.bit:BTRFS_INODE_DUMMY:SET@3305;sb.btree_inode:SET@3305;fs_info->flags.bit:BTRFS_FS_CSUM_IMPL_FAST:SET@3336;fs_info.delayed_workers:SET@3424;fs_info.qgroup_rescan_workers:SET@3424,FALSE_POSITIVE,NO_BUG,FALSE_ALARM,FAILED_OBJECT_TEARDOWN,"The failure prevents publication or mount completion, and the reviewed owner teardown destroys the partially initialized object and its state.",,2026-07-24
BTRFS-047,btrfs,47,open_ctree,linux-sources/linux-v6.14-fs/fs/btrfs/disk-io.c,3437,btrfs_read_sys_array(fs_info),3684,return ret;,fs_info.tree_root:SET@3296;fs_info.chunk_root:SET@3299;fs_info.dirty_metadata_batch:SET@3387;fs_info->fs_devices.fs_info:SET@3396;fs_info.dirty_metadata_batch:SET@3289;fs_info.delayed_root:SET@3289;fs_info->fs_state.bit:BTRFS_FS_STATE_RO:SET@3289;fs_info->fs_state.bit:BTRFS_FS_STATE_SKIP_META_CSUMS:SET@3289;sb->btree_inode.i_size:SET@3305;BTRFS_I(sb->btree_inode).root:SET@3305;BTRFS_I(sb->btree_inode)->runtime_flags.bit:BTRFS_INODE_DUMMY:SET@3305;sb.btree_inode:SET@3305;fs_info->flags.bit:BTRFS_FS_CSUM_IMPL_FAST:SET@3336;fs_info.delayed_workers:SET@3424;fs_info.qgroup_rescan_workers:SET@3424,FALSE_POSITIVE,NO_BUG,FALSE_ALARM,FAILED_OBJECT_TEARDOWN,"The failure prevents publication or mount completion, and the reviewed owner teardown destroys the partially initialized object and its state.",,2026-07-24
BTRFS-048,btrfs,48,open_ctree,linux-sources/linux-v6.14-fs/fs/btrfs/disk-io.c,3616,btrfs_start_pre_rw_mount(fs_info),3619,return ret;,fs_info.tree_root:SET@3296;fs_info.chunk_root:SET@3299;fs_info.dirty_metadata_batch:SET@3387;fs_info->fs_devices.fs_info:SET@3396;fs_info->flags.bit:BTRFS_FS_UPDATE_UUID_TREE_GEN:SET@3503;fs_info.transaction_kthread:SET@3581;fs_info.btrfs_read_qgroup_config:INC@3589;fs_info.btrfs_replay_log:ADD@3600;fs_info.fs_root:SET@3605;fs_info.dirty_metadata_batch:SET@3289;fs_info.delayed_root:SET@3289;fs_info->fs_state.bit:BTRFS_FS_STATE_RO:SET@3289;fs_info->fs_state.bit:BTRFS_FS_STATE_SKIP_META_CSUMS:SET@3289;sb->btree_inode.i_size:SET@3305;BTRFS_I(sb->btree_inode).root:SET@3305;BTRFS_I(sb->btree_inode)->runtime_flags.bit:BTRFS_INODE_DUMMY:SET@3305;sb.btree_inode:SET@3305;fs_info->flags.bit:BTRFS_FS_CSUM_IMPL_FAST:SET@3336;fs_info.delayed_workers:SET@3424;fs_info.qgroup_rescan_workers:SET@3424;chunk_root.commit_root:SET@3446;fs_info.btrfs_set_last_trans_committed:ADD@3477,FALSE_POSITIVE,NO_BUG,FALSE_ALARM,FAILED_OBJECT_TEARDOWN,"The failure prevents publication or mount completion, and the reviewed owner teardown destroys the partially initialized object and its state.",,2026-07-24
BTRFS-049,btrfs,49,open_ctree,linux-sources/linux-v6.14-fs/fs/btrfs/disk-io.c,3627,btrfs_check_uuid_tree(fs_info),3632,return ret;,fs_info.tree_root:SET@3296;fs_info.chunk_root:SET@3299;fs_info.dirty_metadata_batch:SET@3387;fs_info->fs_devices.fs_info:SET@3396;fs_info->flags.bit:BTRFS_FS_UPDATE_UUID_TREE_GEN:SET@3503;fs_info.transaction_kthread:SET@3581;fs_info.btrfs_read_qgroup_config:INC@3589;fs_info.btrfs_replay_log:ADD@3600;fs_info.fs_root:SET@3605;fs_info.dirty_metadata_batch:SET@3289;fs_info.delayed_root:SET@3289;fs_info->fs_state.bit:BTRFS_FS_STATE_RO:SET@3289;fs_info->fs_state.bit:BTRFS_FS_STATE_SKIP_META_CSUMS:SET@3289;sb->btree_inode.i_size:SET@3305;BTRFS_I(sb->btree_inode).root:SET@3305;BTRFS_I(sb->btree_inode)->runtime_flags.bit:BTRFS_INODE_DUMMY:SET@3305;sb.btree_inode:SET@3305;fs_info->flags.bit:BTRFS_FS_CSUM_IMPL_FAST:SET@3336;fs_info.delayed_workers:SET@3424;fs_info.qgroup_rescan_workers:SET@3424;chunk_root.commit_root:SET@3446;fs_info.btrfs_set_last_trans_committed:ADD@3477;fs_info->fs_root.btrfs_orphan_cleanup:ADD@3616;fs_info->tree_root.btrfs_orphan_cleanup:ADD@3616;fs_info.btrfs_qgroup_rescan_resume:INC@3616,FALSE_POSITIVE,NO_BUG,FALSE_ALARM,FAILED_OBJECT_TEARDOWN,"The failure prevents publication or mount completion, and the reviewed owner teardown destroys the partially initialized object and its state.",,2026-07-24
BTRFS-050,btrfs,50,write_all_supers,linux-sources/linux-v6.14-fs/fs/btrfs/disk-io.c,4111,barrier_all_devices(fs_info),4117,return ret;,fs_info.backup_root_index:SET@4101,FALSE_POSITIVE,NO_BUG,FALSE_ALARM,INTENTIONAL_PROGRESS_OR_OUTPUT,"The value is an output, retry cursor, cache population, terminal error state, or completed progress that is intentionally retained across the later failure.",,2026-07-24
BTRFS-051,btrfs,51,write_all_supers,linux-sources/linux-v6.14-fs/fs/btrfs/disk-io.c,4147,"btrfs_validate_write_super(fs_info, sb)",4152,return -EUCLEAN;,fs_info.backup_root_index:SET@4101,FALSE_POSITIVE,NO_BUG,FALSE_ALARM,INTENTIONAL_PROGRESS_OR_OUTPUT,"The value is an output, retry cursor, cache population, terminal error state, or completed progress that is intentionally retained across the later failure.",,2026-07-24
BTRFS-052,btrfs,52,write_all_supers,linux-sources/linux-v6.14-fs/fs/btrfs/disk-io.c,4155,"write_dev_supers(dev, sb, max_mirrors)",4168,return -EIO;,fs_info.backup_root_index:SET@4101,FALSE_POSITIVE,NO_BUG,FALSE_ALARM,INTENTIONAL_PROGRESS_OR_OUTPUT,"The value is an output, retry cursor, cache population, terminal error state, or completed progress that is intentionally retained across the later failure.",,2026-07-24
BTRFS-053,btrfs,53,__set_extent_bit,linux-sources/linux-v6.14-fs/fs/btrfs/extent-io-tree.c,1254,"split_state(tree, state, prealloc, end + 1)",1278,return ret;,prealloc->rb_node.tree_membership:ADD@1178;prealloc->rb_node.tree_membership:ADD@1225,FALSE_POSITIVE,NO_BUG,FALSE_ALARM,PRIVATE_OR_CLEANED_STATE,"The reported effect belongs to an unpublished object, output/cursor, or temporary cache, or is removed by the reviewed error cleanup; no live metadata owner retains it.",,2026-07-24
BTRFS-054,btrfs,54,convert_extent_bit,linux-sources/linux-v6.14-fs/fs/btrfs/extent-io-tree.c,1479,"split_state(tree, state, prealloc, end + 1)",1503,return ret;,prealloc->rb_node.tree_membership:ADD@1408;prealloc->rb_node.tree_membership:ADD@1455,FALSE_POSITIVE,NO_BUG,FALSE_ALARM,PRIVATE_OR_CLEANED_STATE,"The reported effect belongs to an unpublished object, output/cursor, or temporary cache, or is removed by the reviewed error cleanup; no live metadata owner retains it.",,2026-07-24
BTRFS-055,btrfs,55,btrfs_set_disk_extent_flags,linux-sources/linux-v6.14-fs/fs/btrfs/extent-tree.c,2195,"btrfs_add_delayed_extent_op(trans, eb->start, eb->len, btrfs_header_level(eb), extent_op)",2199,return ret;,extent_op.flags_to_set:SET@2191;extent_op.update_flags:SET@2192,TRUE_RESIDUAL,NO_BUG,CONTAINED_NOT_BUG,TRANSACTION_OR_FATAL_CONTAINMENT,"The mutation can remain at this function return, but the caller cancels/aborts the dirty transaction or shuts down the filesystem, so the state cannot continue as ordinary live metadata.",,2026-07-24
BTRFS-056,btrfs,56,alloc_test_extent_buffer,linux-sources/linux-v6.14-fs/fs/btrfs/extent_io.c,2871,"find_extent_buffer(fs_info, start)",2883,return exists;,fs_info->buffer_radix.radix_tree:start >> fs_info->sectorsize_bits:ADD@2866,FALSE_POSITIVE,NO_BUG,FALSE_ALARM,PRIVATE_OR_CLEANED_STATE,"The reported effect belongs to an unpublished object, output/cursor, or temporary cache, or is removed by the reviewed error cleanup; no live metadata owner retains it.",,2026-07-24
BTRFS-057,btrfs,57,alloc_extent_buffer,linux-sources/linux-v6.14-fs/fs/btrfs/extent_io.c,3069,"find_extent_buffer(fs_info, start)",3071,return eb;,fs_info->flags.bit:BTRFS_FS_UNALIGNED_TREE_BLOCK:SET@3055,FALSE_POSITIVE,NO_BUG,FALSE_ALARM,PRIVATE_OR_CLEANED_STATE,"The reported effect belongs to an unpublished object, output/cursor, or temporary cache, or is removed by the reviewed error cleanup; no live metadata owner retains it.",,2026-07-24
BTRFS-058,btrfs,58,alloc_extent_buffer,linux-sources/linux-v6.14-fs/fs/btrfs/extent_io.c,3094,"btrfs_alloc_subpage(fs_info, BTRFS_SUBPAGE_METADATA)",3242,return ERR_PTR(ret);,fs_info->flags.bit:BTRFS_FS_UNALIGNED_TREE_BLOCK:SET@3055,FALSE_POSITIVE,NO_BUG,FALSE_ALARM,PRIVATE_OR_CLEANED_STATE,"The reported effect belongs to an unpublished object, output/cursor, or temporary cache, or is removed by the reviewed error cleanup; no live metadata owner retains it.",,2026-07-24
BTRFS-059,btrfs,59,alloc_extent_buffer,linux-sources/linux-v6.14-fs/fs/btrfs/extent_io.c,3103,"alloc_eb_folio_array(eb, true)",3242,return ERR_PTR(ret);,fs_info->flags.bit:BTRFS_FS_UNALIGNED_TREE_BLOCK:SET@3055,FALSE_POSITIVE,NO_BUG,FALSE_ALARM,PRIVATE_OR_CLEANED_STATE,"The reported effect belongs to an unpublished object, output/cursor, or temporary cache, or is removed by the reviewed error cleanup; no live metadata owner retains it.",,2026-07-24
BTRFS-060,btrfs,60,alloc_extent_buffer,linux-sources/linux-v6.14-fs/fs/btrfs/extent_io.c,3179,radix_tree_preload(GFP_NOFS),3242,return ERR_PTR(ret);,fs_info->flags.bit:BTRFS_FS_UNALIGNED_TREE_BLOCK:SET@3055,FALSE_POSITIVE,NO_BUG,FALSE_ALARM,PRIVATE_OR_CLEANED_STATE,"The reported effect belongs to an unpublished object, output/cursor, or temporary cache, or is removed by the reviewed error cleanup; no live metadata owner retains it.",,2026-07-24
BTRFS-061,btrfs,61,alloc_extent_buffer,linux-sources/linux-v6.14-fs/fs/btrfs/extent_io.c,3184,"radix_tree_insert(&fs_info->buffer_radix, start >> fs_info->sectorsize_bits, eb)",3242,return ERR_PTR(ret);,eb->bflags.bit:EXTENT_BUFFER_UPTODATE:SET@3174;fs_info->flags.bit:BTRFS_FS_UNALIGNED_TREE_BLOCK:SET@3055,FALSE_POSITIVE,NO_BUG,FALSE_ALARM,PRIVATE_OR_CLEANED_STATE,"The reported effect belongs to an unpublished object, output/cursor, or temporary cache, or is removed by the reviewed error cleanup; no live metadata owner retains it.",,2026-07-24
BTRFS-062,btrfs,62,alloc_extent_buffer,linux-sources/linux-v6.14-fs/fs/btrfs/extent_io.c,3190,"find_extent_buffer(fs_info, start)",3242,return ERR_PTR(ret);,eb->bflags.bit:EXTENT_BUFFER_UPTODATE:SET@3174;fs_info->buffer_radix.radix_tree:start >> fs_info->sectorsize_bits:ADD@3184;fs_info->flags.bit:BTRFS_FS_UNALIGNED_TREE_BLOCK:SET@3055,FALSE_POSITIVE,NO_BUG,FALSE_ALARM,PRIVATE_OR_CLEANED_STATE,"The reported effect belongs to an unpublished object, output/cursor, or temporary cache, or is removed by the reviewed error cleanup; no live metadata owner retains it.",,2026-07-24
BTRFS-063,btrfs,63,btrfs_replace_file_extents,linux-sources/linux-v6.14-fs/fs/btrfs/file.c,2450,"fill_holes(trans, inode, path, cur_offset, drop_args.drop_end)",2489,return ret;,inode->root->fs_info.btrfs_alloc_block_rsv:RESERVE@2253;extent_info.data_offset:INC@2362;extent_info.file_offset:INC@2363,TRUE_RESIDUAL,NO_BUG,CONTAINED_NOT_BUG,TRANSACTION_OR_FATAL_CONTAINMENT,"The mutation can remain at this function return, but the caller cancels/aborts the dirty transaction or shuts down the filesystem, so the state cannot continue as ordinary live metadata.",,2026-07-24
BTRFS-064,btrfs,64,btrfs_replace_file_extents,linux-sources/linux-v6.14-fs/fs/btrfs/file.c,2459,"btrfs_inode_clear_file_extent_range(inode, cur_offset, drop_args.drop_end - cur_offset)",2489,return ret;,inode->root->fs_info.btrfs_alloc_block_rsv:RESERVE@2253;extent_info.data_offset:INC@2362;extent_info.file_offset:INC@2363,TRUE_RESIDUAL,NO_BUG,CONTAINED_NOT_BUG,TRANSACTION_OR_FATAL_CONTAINMENT,"The mutation can remain at this function return, but the caller cancels/aborts the dirty transaction or shuts down the filesystem, so the state cannot continue as ordinary live metadata.",,2026-07-24
BTRFS-065,btrfs,65,btrfs_replace_file_extents,linux-sources/linux-v6.14-fs/fs/btrfs/file.c,2468,"btrfs_insert_replace_extent(trans, inode, path, extent_info, extent_info->data_len, drop_args.bytes_found)",2489,return ret;,inode->root->fs_info.btrfs_alloc_block_rsv:RESERVE@2253;extent_info.data_offset:INC@2362;extent_info.file_offset:INC@2363,TRUE_RESIDUAL,NO_BUG,CONTAINED_NOT_BUG,TRANSACTION_OR_FATAL_CONTAINMENT,"The mutation can remain at this function return, but the caller cancels/aborts the dirty transaction or shuts down the filesystem, so the state cannot continue as ordinary live metadata.",,2026-07-24
BTRFS-066,btrfs,66,btrfs_replace_file_extents,linux-sources/linux-v6.14-fs/fs/btrfs/file.c,2468,"btrfs_insert_replace_extent(trans, inode, path, extent_info, extent_info->data_len, drop_args.bytes_found)",2489,return ret;,inode->root->fs_info.btrfs_alloc_block_rsv:RESERVE@2253;extent_info.data_offset:INC@2362;extent_info.file_offset:INC@2363,TRUE_RESIDUAL,NO_BUG,CONTAINED_NOT_BUG,TRANSACTION_OR_FATAL_CONTAINMENT,"The mutation can remain at this function return, but the caller cancels/aborts the dirty transaction or shuts down the filesystem, so the state cannot continue as ordinary live metadata.",,2026-07-24
BTRFS-067,btrfs,67,btrfs_remove_free_space_inode,linux-sources/linux-v6.14-fs/fs/btrfs/free-space-cache.c,262,"btrfs_orphan_add(trans, BTRFS_I(inode))",293,return ret;,block_group.disk_cache_state:SET@256;block_group->runtime_flags.bit:BLOCK_GROUP_FLAG_IREF:SET@256;block_group.inode:SET@256,TRUE_RESIDUAL,NO_BUG,CONTAINED_NOT_BUG,TRANSACTION_OR_FATAL_CONTAINMENT,"The mutation can remain at this function return, but the caller cancels/aborts the dirty transaction or shuts down the filesystem, so the state cannot continue as ordinary live metadata.",,2026-07-24
BTRFS-068,btrfs,68,btrfs_remove_free_space_inode,linux-sources/linux-v6.14-fs/fs/btrfs/free-space-cache.c,283,"btrfs_search_slot(trans, trans->fs_info->tree_root, &key, path, -1, 1)",293,return ret;,block_group.disk_cache_state:SET@256,TRUE_RESIDUAL,NO_BUG,CONTAINED_NOT_BUG,TRANSACTION_OR_FATAL_CONTAINMENT,"The mutation can remain at this function return, but the caller cancels/aborts the dirty transaction or shuts down the filesystem, so the state cannot continue as ordinary live metadata.",,2026-07-24
BTRFS-069,btrfs,69,btrfs_truncate_free_space_cache,linux-sources/linux-v6.14-fs/fs/btrfs/free-space-cache.c,349,"btrfs_truncate_inode_items(trans, root, &control)",366,return ret;,block_group.disk_cache_state:SET@334,TRUE_RESIDUAL,NO_BUG,CONTAINED_NOT_BUG,TRANSACTION_OR_FATAL_CONTAINMENT,"The mutation can remain at this function return, but the caller cancels/aborts the dirty transaction or shuts down the filesystem, so the state cannot continue as ordinary live metadata.",,2026-07-24
BTRFS-070,btrfs,70,btrfs_truncate_free_space_cache,linux-sources/linux-v6.14-fs/fs/btrfs/free-space-cache.c,358,"btrfs_update_inode(trans, inode)",366,return ret;,block_group.disk_cache_state:SET@334,TRUE_RESIDUAL,NO_BUG,CONTAINED_NOT_BUG,TRANSACTION_OR_FATAL_CONTAINMENT,"The mutation can remain at this function return, but the caller cancels/aborts the dirty transaction or shuts down the filesystem, so the state cannot continue as ordinary live metadata.",,2026-07-24
BTRFS-071,btrfs,71,__load_free_space_cache,linux-sources/linux-v6.14-fs/fs/btrfs/free-space-cache.c,834,"link_free_space(ctl, e)",889,return ret;,e.offset:SET@820;e.bytes:SET@820,FALSE_POSITIVE,NO_BUG,FALSE_ALARM,PRIVATE_OR_CLEANED_STATE,"The reported effect belongs to an unpublished object, output/cursor, or temporary cache, or is removed by the reviewed error cleanup; no live metadata owner retains it.",,2026-07-24
BTRFS-072,btrfs,72,__load_free_space_cache,linux-sources/linux-v6.14-fs/fs/btrfs/free-space-cache.c,854,"link_free_space(ctl, e)",889,return ret;,e.offset:SET@820;e.bytes:SET@820,FALSE_POSITIVE,NO_BUG,FALSE_ALARM,PRIVATE_OR_CLEANED_STATE,"The reported effect belongs to an unpublished object, output/cursor, or temporary cache, or is removed by the reviewed error cleanup; no live metadata owner retains it.",,2026-07-24
BTRFS-073,btrfs,73,__load_free_space_cache,linux-sources/linux-v6.14-fs/fs/btrfs/free-space-cache.c,880,"io_ctl_read_bitmap(&io_ctl, e)",889,return ret;,bitmaps.list_membership:ADD@866;e.offset:SET@820;e.bytes:SET@820,FALSE_POSITIVE,NO_BUG,FALSE_ALARM,PRIVATE_OR_CLEANED_STATE,"The reported effect belongs to an unpublished object, output/cursor, or temporary cache, or is removed by the reviewed error cleanup; no live metadata owner retains it.",,2026-07-24
BTRFS-074,btrfs,74,load_free_space_cache,linux-sources/linux-v6.14-fs/fs/btrfs/free-space-cache.c,1028,"copy_free_space_cache(block_group, &tmp_ctl)",1066,return ret;,block_group.disk_cache_state:SET@994;block_group->runtime_flags.bit:BLOCK_GROUP_FLAG_IREF:SET@994;block_group.inode:SET@994,FALSE_POSITIVE,NO_BUG,FALSE_ALARM,PRIVATE_OR_CLEANED_STATE,"The reported effect belongs to an unpublished object, output/cursor, or temporary cache, or is removed by the reviewed error cleanup; no live metadata owner retains it.",,2026-07-24
BTRFS-075,btrfs,75,write_cache_extent_entries,linux-sources/linux-v6.14-fs/fs/btrfs/free-space-cache.c,1132,"io_ctl_add_entry(io_ctl, trim_entry->start, trim_entry->bytes, NULL)",1143,return -ENOSPC;,bitmap_list.list_membership:ADD@1109,FALSE_POSITIVE,NO_BUG,FALSE_ALARM,PRIVATE_OR_CLEANED_STATE,"The reported effect belongs to an unpublished object, output/cursor, or temporary cache, or is removed by the reviewed error cleanup; no live metadata owner retains it.",,2026-07-24
BTRFS-076,btrfs,76,btrfs_write_out_cache,linux-sources/linux-v6.14-fs/fs/btrfs/free-space-cache.c,1541,"__btrfs_write_out_cache(inode, ctl, block_group, &block_group->io_ctl, trans)",1560,return ret;,block_group.disk_cache_state:SET@1537;block_group->runtime_flags.bit:BLOCK_GROUP_FLAG_IREF:SET@1537;block_group.inode:SET@1537,FALSE_POSITIVE,NO_BUG,FALSE_ALARM,PRIVATE_OR_CLEANED_STATE,"The reported effect belongs to an unpublished object, output/cursor, or temporary cache, or is removed by the reviewed error cleanup; no live metadata owner retains it.",,2026-07-24
BTRFS-077,btrfs,77,__btrfs_add_free_space,linux-sources/linux-v6.14-fs/fs/btrfs/free-space-cache.c,2658,"insert_into_bitmap(ctl, info)",2693,return ret;,info.bytes:INC@2650,FALSE_POSITIVE,NO_BUG,FALSE_ALARM,PRIVATE_OR_CLEANED_STATE,"The reported effect belongs to an unpublished object, output/cursor, or temporary cache, or is removed by the reviewed error cleanup; no live metadata owner retains it.",,2026-07-24
BTRFS-078,btrfs,78,__btrfs_add_free_space,linux-sources/linux-v6.14-fs/fs/btrfs/free-space-cache.c,2658,"insert_into_bitmap(ctl, info)",2693,return ret;,info.bytes:INC@2650,FALSE_POSITIVE,NO_BUG,FALSE_ALARM,PRIVATE_OR_CLEANED_STATE,"The reported effect belongs to an unpublished object, output/cursor, or temporary cache, or is removed by the reviewed error cleanup; no live metadata owner retains it.",,2026-07-24
BTRFS-079,btrfs,79,__btrfs_add_free_space,linux-sources/linux-v6.14-fs/fs/btrfs/free-space-cache.c,2676,"link_free_space(ctl, info)",2693,return ret;,info.bytes:INC@2650,FALSE_POSITIVE,NO_BUG,FALSE_ALARM,PRIVATE_OR_CLEANED_STATE,"The reported effect belongs to an unpublished object, output/cursor, or temporary cache, or is removed by the reviewed error cleanup; no live metadata owner retains it.",,2026-07-24
BTRFS-080,btrfs,80,__btrfs_add_free_space,linux-sources/linux-v6.14-fs/fs/btrfs/free-space-cache.c,2676,"link_free_space(ctl, info)",2693,return ret;,info.bytes:INC@2650,FALSE_POSITIVE,NO_BUG,FALSE_ALARM,PRIVATE_OR_CLEANED_STATE,"The reported effect belongs to an unpublished object, output/cursor, or temporary cache, or is removed by the reviewed error cleanup; no live metadata owner retains it.",,2026-07-24
BTRFS-081,btrfs,81,btrfs_remove_free_space,linux-sources/linux-v6.14-fs/fs/btrfs/free-space-cache.c,2879,"link_free_space(ctl, info)",2913,return ret;,info.bytes:SET@2878,FALSE_POSITIVE,NO_BUG,FALSE_ALARM,PRIVATE_OR_CLEANED_STATE,"The reported effect belongs to an unpublished object, output/cursor, or temporary cache, or is removed by the reviewed error cleanup; no live metadata owner retains it.",,2026-07-24
BTRFS-082,btrfs,82,trim_no_bitmap,linux-sources/linux-v6.14-fs/fs/btrfs/free-space-cache.c,3802,"do_trimming(block_group, total_trimmed, start, bytes, extent_start, extent_bytes, extent_trim_state, &trim_entry)",3823,return ret;,entry.offset:INC@3777;block_group->free_space_ctl->trimming_ranges.list_membership:ADD@3799;block_group->space_info.bytes_readonly:INC@3802,FALSE_POSITIVE,NO_BUG,FALSE_ALARM,INTENTIONAL_PROGRESS_OR_OUTPUT,"The value is an output, retry cursor, cache population, terminal error state, or completed progress that is intentionally retained across the later failure.",,2026-07-24
BTRFS-083,btrfs,83,trim_bitmaps,linux-sources/linux-v6.14-fs/fs/btrfs/free-space-cache.c,3989,"do_trimming(block_group, total_trimmed, start, bytes, start, bytes, 0, &trim_entry)",4020,return ret;,entry.trim_state:SET@3944;block_group->free_space_ctl->trimming_ranges.list_membership:ADD@3986;entry.trim_state:SET@3942;block_group->space_info.bytes_readonly:INC@3989,FALSE_POSITIVE,NO_BUG,FALSE_ALARM,INTENTIONAL_PROGRESS_OR_OUTPUT,"The value is an output, retry cursor, cache population, terminal error state, or completed progress that is intentionally retained across the later failure.",,2026-07-24
BTRFS-084,btrfs,84,btrfs_rebuild_free_space_tree,linux-sources/linux-v6.14-fs/fs/btrfs/free-space-tree.c,1329,"clear_free_space_tree(trans, free_space_root)",1333,return ret;,fs_info->flags.bit:BTRFS_FS_CREATING_FREE_SPACE_TREE:SET@1326;fs_info->flags.bit:BTRFS_FS_FREE_SPACE_TREE_UNTRUSTED:SET@1327,TRUE_RESIDUAL,NO_BUG,CONTAINED_NOT_BUG,TRANSACTION_OR_FATAL_CONTAINMENT,"The mutation can remain at this function return, but the caller cancels/aborts the dirty transaction or shuts down the filesystem, so the state cannot continue as ordinary live metadata.",,2026-07-24
BTRFS-085,btrfs,85,btrfs_rebuild_free_space_tree,linux-sources/linux-v6.14-fs/fs/btrfs/free-space-tree.c,1342,"populate_free_space_tree(trans, block_group)",1346,return ret;,fs_info->flags.bit:BTRFS_FS_CREATING_FREE_SPACE_TREE:SET@1326;fs_info->flags.bit:BTRFS_FS_FREE_SPACE_TREE_UNTRUSTED:SET@1327,TRUE_RESIDUAL,NO_BUG,CONTAINED_NOT_BUG,TRANSACTION_OR_FATAL_CONTAINMENT,"The mutation can remain at this function return, but the caller cancels/aborts the dirty transaction or shuts down the filesystem, so the state cannot continue as ordinary live metadata.",,2026-07-24
BTRFS-086,btrfs,86,btrfs_rebuild_free_space_tree,linux-sources/linux-v6.14-fs/fs/btrfs/free-space-tree.c,1350,"btrfs_start_transaction(free_space_root, 1)",1352,return PTR_ERR(trans);,fs_info->flags.bit:BTRFS_FS_CREATING_FREE_SPACE_TREE:SET@1326;fs_info->flags.bit:BTRFS_FS_FREE_SPACE_TREE_UNTRUSTED:SET@1327,TRUE_RESIDUAL,NO_BUG,CONTAINED_NOT_BUG,TRANSACTION_OR_FATAL_CONTAINMENT,"The mutation can remain at this function return, but the caller cancels/aborts the dirty transaction or shuts down the filesystem, so the state cannot continue as ordinary live metadata.",,2026-07-24
BTRFS-087,btrfs,87,add_pending_csums,linux-sources/linux-v6.14-fs/fs/btrfs/inode.c,2653,"btrfs_csum_file_blocks(trans, csum_root, sum)",2656,return ret;,trans.adding_csums:SET@2649,TRUE_RESIDUAL,NO_BUG,CONTAINED_NOT_BUG,TRANSACTION_OR_FATAL_CONTAINMENT,"The mutation can remain at this function return, but the caller cancels/aborts the dirty transaction or shuts down the filesystem, so the state cannot continue as ordinary live metadata.",,2026-07-24
BTRFS-088,btrfs,88,btrfs_orphan_cleanup,linux-sources/linux-v6.14-fs/fs/btrfs/inode.c,3549,"btrfs_search_slot(NULL, root, &key, path, 0, 0)",3716,return ret;,root->state.bit:BTRFS_ROOT_ORPHAN_CLEANUP:SET@3534,INCONCLUSIVE,NEEDS_REPRO,UNRESOLVED,ONE_SHOT_STATE_SEMANTICS,"BTRFS_ROOT_ORPHAN_CLEANUP is intentionally a one-shot/reentrancy bit, but the audit has not proved that every early error is safely recoverable without retrying cleanup.",,2026-07-24
BTRFS-089,btrfs,89,btrfs_orphan_cleanup,linux-sources/linux-v6.14-fs/fs/btrfs/inode.c,3674,btrfs_drop_verity_items(BTRFS_I(inode)),3716,return ret;,root->state.bit:BTRFS_ROOT_ORPHAN_CLEANUP:SET@3534,INCONCLUSIVE,NEEDS_REPRO,UNRESOLVED,ONE_SHOT_STATE_SEMANTICS,"BTRFS_ROOT_ORPHAN_CLEANUP is intentionally a one-shot/reentrancy bit, but the audit has not proved that every early error is safely recoverable without retrying cleanup.",,2026-07-24
BTRFS-090,btrfs,90,btrfs_orphan_cleanup,linux-sources/linux-v6.14-fs/fs/btrfs/inode.c,3687,"btrfs_del_orphan_item(trans, root, found_key.objectid)",3716,return ret;,root->state.bit:BTRFS_ROOT_ORPHAN_CLEANUP:SET@3534,INCONCLUSIVE,NEEDS_REPRO,UNRESOLVED,ONE_SHOT_STATE_SEMANTICS,"BTRFS_ROOT_ORPHAN_CLEANUP is intentionally a one-shot/reentrancy bit, but the audit has not proved that every early error is safely recoverable without retrying cleanup.",,2026-07-24
BTRFS-091,btrfs,91,btrfs_orphan_cleanup,linux-sources/linux-v6.14-fs/fs/btrfs/inode.c,3687,"btrfs_del_orphan_item(trans, root, found_key.objectid)",3716,return ret;,root->state.bit:BTRFS_ROOT_ORPHAN_CLEANUP:SET@3534,INCONCLUSIVE,NEEDS_REPRO,UNRESOLVED,ONE_SHOT_STATE_SEMANTICS,"BTRFS_ROOT_ORPHAN_CLEANUP is intentionally a one-shot/reentrancy bit, but the audit has not proved that every early error is safely recoverable without retrying cleanup.",,2026-07-24
BTRFS-092,btrfs,92,btrfs_read_locked_inode,linux-sources/linux-v6.14-fs/fs/btrfs/inode.c,3862,btrfs_init_file_extent_tree(BTRFS_I(inode)),4051,return ret;,BTRFS_I(inode).file_extent_tree:SET@3862,FALSE_POSITIVE,NO_BUG,FALSE_ALARM,FAILED_OBJECT_TEARDOWN,"The failure prevents publication or mount completion, and the reviewed owner teardown destroys the partially initialized object and its state.",,2026-07-24
BTRFS-093,btrfs,93,btrfs_read_locked_inode,linux-sources/linux-v6.14-fs/fs/btrfs/inode.c,3874,"btrfs_lookup_inode(NULL, root, path, &location, 0)",4051,return ret;,BTRFS_I(inode).file_extent_tree:SET@3862,FALSE_POSITIVE,NO_BUG,FALSE_ALARM,FAILED_OBJECT_TEARDOWN,"The failure prevents publication or mount completion, and the reviewed owner teardown destroys the partially initialized object and its state.",,2026-07-24
BTRFS-094,btrfs,94,btrfs_read_locked_inode,linux-sources/linux-v6.14-fs/fs/btrfs/inode.c,4044,"btrfs_add_inode_to_root(BTRFS_I(inode), true)",4051,return ret;,inode.i_mode:SET@3892;BTRFS_I(inode).i_otime_sec:SET@3909;BTRFS_I(inode).i_otime_nsec:SET@3910;BTRFS_I(inode).generation:SET@3913;BTRFS_I(inode).last_trans:SET@3914;inode.i_generation:SET@3918;BTRFS_I(inode).index_cnt:SET@3923;BTRFS_I(inode)->runtime_flags.bit:BTRFS_INODE_NEEDS_FULL_SYNC:SET@3939;BTRFS_I(inode).last_unlink_trans:SET@3969;BTRFS_I(inode).last_reflink_trans:SET@3977;BTRFS_I(inode).dir_index:SET@3993;BTRFS_I(inode).dir_index:SET@3998;BTRFS_I(inode).file_extent_tree:SET@3862,FALSE_POSITIVE,NO_BUG,FALSE_ALARM,FAILED_OBJECT_TEARDOWN,"The failure prevents publication or mount completion, and the reviewed owner teardown destroys the partially initialized object and its state.",,2026-07-24
BTRFS-095,btrfs,95,btrfs_create_new_inode,linux-sources/linux-v6.14-fs/fs/btrfs/inode.c,6287,btrfs_init_file_extent_tree(BTRFS_I(inode)),6506,return ret;,BTRFS_I(args->inode).root:SET@6284;BTRFS_I(inode).file_extent_tree:SET@6287,FALSE_POSITIVE,NO_BUG,FALSE_ALARM,PRIVATE_OR_CLEANED_STATE,"The reported effect belongs to an unpublished object, output/cursor, or temporary cache, or is removed by the reviewed error cleanup; no live metadata owner retains it.",,2026-07-24
BTRFS-096,btrfs,96,btrfs_create_new_inode,linux-sources/linux-v6.14-fs/fs/btrfs/inode.c,6291,"btrfs_get_free_objectid(root, &objectid)",6506,return ret;,BTRFS_I(args->inode).root:SET@6284;BTRFS_I(inode).file_extent_tree:SET@6287,FALSE_POSITIVE,NO_BUG,FALSE_ALARM,PRIVATE_OR_CLEANED_STATE,"The reported effect belongs to an unpublished object, output/cursor, or temporary cache, or is removed by the reviewed error cleanup; no live metadata owner retains it.",,2026-07-24
BTRFS-097,btrfs,97,btrfs_create_new_inode,linux-sources/linux-v6.14-fs/fs/btrfs/inode.c,6296,"xa_reserve(&root->inodes, objectid, GFP_NOFS)",6506,return ret;,BTRFS_I(args->inode).root:SET@6284;BTRFS_I(inode).file_extent_tree:SET@6287,FALSE_POSITIVE,NO_BUG,FALSE_ALARM,PRIVATE_OR_CLEANED_STATE,"The reported effect belongs to an unpublished object, output/cursor, or temporary cache, or is removed by the reviewed error cleanup; no live metadata owner retains it.",,2026-07-24
BTRFS-098,btrfs,98,btrfs_create_new_inode,linux-sources/linux-v6.14-fs/fs/btrfs/inode.c,6310,"btrfs_set_inode_index(BTRFS_I(dir), &BTRFS_I(inode)->dir_index)",6506,return ret;,BTRFS_I(args->inode).root:SET@6284;root->inodes.xa_reserve:RESERVE@6296;BTRFS_I(inode).file_extent_tree:SET@6287,FALSE_POSITIVE,NO_BUG,FALSE_ALARM,PRIVATE_OR_CLEANED_STATE,"The reported effect belongs to an unpublished object, output/cursor, or temporary cache, or is removed by the reviewed error cleanup; no live metadata owner retains it.",,2026-07-24
BTRFS-099,btrfs,99,btrfs_create_new_inode,linux-sources/linux-v6.14-fs/fs/btrfs/inode.c,6344,btrfs_insert_inode_locked(inode),6506,return ret;,BTRFS_I(args->inode).root:SET@6284;root->inodes.xa_reserve:RESERVE@6296;BTRFS_I(args->inode).index_cnt:SET@6316;BTRFS_I(args->inode).generation:SET@6318;args->inode.i_generation:SET@6319;BTRFS_I(args->inode)->runtime_flags.bit:BTRFS_INODE_NO_CAP_XATTR:SET@6326;BTRFS_I(inode).file_extent_tree:SET@6287;BTRFS_I(dir).index_cnt:INC@6310,FALSE_POSITIVE,NO_BUG,FALSE_ALARM,PRIVATE_OR_CLEANED_STATE,"The reported effect belongs to an unpublished object, output/cursor, or temporary cache, or is removed by the reviewed error cleanup; no live metadata owner retains it.",,2026-07-24
BTRFS-100,btrfs,100,btrfs_rename_exchange,linux-sources/linux-v6.14-fs/fs/btrfs/inode.c,8017,"btrfs_set_inode_index(BTRFS_I(old_dir), &new_idx)",8163,return ret;,BTRFS_I(new_dir).index_cnt:INC@8014,TRUE_RESIDUAL,NO_BUG,CONTAINED_NOT_BUG,TRANSACTION_OR_FATAL_CONTAINMENT,"The mutation can remain at this function return, but the caller cancels/aborts the dirty transaction or shuts down the filesystem, so the state cannot continue as ordinary live metadata.",,2026-07-24
BTRFS-101,btrfs,101,btrfs_rename_exchange,linux-sources/linux-v6.14-fs/fs/btrfs/inode.c,8029,"btrfs_insert_inode_ref(trans, dest, new_name, old_ino, btrfs_ino(BTRFS_I(new_dir)), old_idx)",8163,return ret;,BTRFS_I(old_dentry->d_inode).dir_index:SET@8021;BTRFS_I(new_dentry->d_inode).dir_index:SET@8022;BTRFS_I(new_dir).index_cnt:INC@8014;BTRFS_I(old_dir).index_cnt:INC@8017,TRUE_RESIDUAL,NO_BUG,CONTAINED_NOT_BUG,TRANSACTION_OR_FATAL_CONTAINMENT,"The mutation can remain at this function return, but the caller cancels/aborts the dirty transaction or shuts down the filesystem, so the state cannot continue as ordinary live metadata.",,2026-07-24
BTRFS-102,btrfs,102,btrfs_rename_exchange,linux-sources/linux-v6.14-fs/fs/btrfs/inode.c,8042,"btrfs_insert_inode_ref(trans, root, old_name, new_ino, btrfs_ino(BTRFS_I(old_dir)), new_idx)",8163,return ret;,BTRFS_I(old_dentry->d_inode).dir_index:SET@8021;BTRFS_I(new_dentry->d_inode).dir_index:SET@8022;BTRFS_I(new_dir).index_cnt:INC@8014;BTRFS_I(old_dir).index_cnt:INC@8017,TRUE_RESIDUAL,NO_BUG,CONTAINED_NOT_BUG,TRANSACTION_OR_FATAL_CONTAINMENT,"The mutation can remain at this function return, but the caller cancels/aborts the dirty transaction or shuts down the filesystem, so the state cannot continue as ordinary live metadata.",,2026-07-24
BTRFS-103,btrfs,103,btrfs_rename_exchange,linux-sources/linux-v6.14-fs/fs/btrfs/inode.c,8068,"btrfs_unlink_subvol(trans, BTRFS_I(old_dir), old_dentry)",8163,return ret;,BTRFS_I(old_dentry->d_inode).dir_index:SET@8021;BTRFS_I(new_dentry->d_inode).dir_index:SET@8022;BTRFS_I(new_dir).index_cnt:INC@8014;BTRFS_I(old_dir).index_cnt:INC@8017,TRUE_RESIDUAL,NO_BUG,CONTAINED_NOT_BUG,TRANSACTION_OR_FATAL_CONTAINMENT,"The mutation can remain at this function return, but the caller cancels/aborts the dirty transaction or shuts down the filesystem, so the state cannot continue as ordinary live metadata.",,2026-07-24
BTRFS-104,btrfs,104,btrfs_rename_exchange,linux-sources/linux-v6.14-fs/fs/btrfs/inode.c,8074,"__btrfs_unlink_inode(trans, BTRFS_I(old_dir), BTRFS_I(old_dentry->d_inode), old_name, &old_rename_ctx)",8163,return ret;,BTRFS_I(old_dentry->d_inode).dir_index:SET@8021;BTRFS_I(new_dentry->d_inode).dir_index:SET@8022;BTRFS_I(new_dir).index_cnt:INC@8014;BTRFS_I(old_dir).index_cnt:INC@8017,TRUE_RESIDUAL,NO_BUG,CONTAINED_NOT_BUG,TRANSACTION_OR_FATAL_CONTAINMENT,"The mutation can remain at this function return, but the caller cancels/aborts the dirty transaction or shuts down the filesystem, so the state cannot continue as ordinary live metadata.",,2026-07-24
BTRFS-105,btrfs,105,btrfs_rename_exchange,linux-sources/linux-v6.14-fs/fs/btrfs/inode.c,8081,"btrfs_update_inode(trans, BTRFS_I(old_inode))",8163,return ret;,BTRFS_I(old_dentry->d_inode).dir_index:SET@8021;BTRFS_I(new_dentry->d_inode).dir_index:SET@8022;BTRFS_I(new_dir).index_cnt:INC@8014;BTRFS_I(old_dir).index_cnt:INC@8017,TRUE_RESIDUAL,NO_BUG,CONTAINED_NOT_BUG,TRANSACTION_OR_FATAL_CONTAINMENT,"The mutation can remain at this function return, but the caller cancels/aborts the dirty transaction or shuts down the filesystem, so the state cannot continue as ordinary live metadata.",,2026-07-24
BTRFS-106,btrfs,106,btrfs_rename_exchange,linux-sources/linux-v6.14-fs/fs/btrfs/inode.c,8090,"btrfs_unlink_subvol(trans, BTRFS_I(new_dir), new_dentry)",8163,return ret;,BTRFS_I(old_dentry->d_inode).dir_index:SET@8021;BTRFS_I(new_dentry->d_inode).dir_index:SET@8022;BTRFS_I(new_dir).index_cnt:INC@8014;BTRFS_I(old_dir).index_cnt:INC@8017,TRUE_RESIDUAL,NO_BUG,CONTAINED_NOT_BUG,TRANSACTION_OR_FATAL_CONTAINMENT,"The mutation can remain at this function return, but the caller cancels/aborts the dirty transaction or shuts down the filesystem, so the state cannot continue as ordinary live metadata.",,2026-07-24
BTRFS-107,btrfs,107,btrfs_rename_exchange,linux-sources/linux-v6.14-fs/fs/btrfs/inode.c,8096,"__btrfs_unlink_inode(trans, BTRFS_I(new_dir), BTRFS_I(new_dentry->d_inode), new_name, &new_rename_ctx)",8163,return ret;,BTRFS_I(old_dentry->d_inode).dir_index:SET@8021;BTRFS_I(new_dentry->d_inode).dir_index:SET@8022;BTRFS_I(new_dir).index_cnt:INC@8014;BTRFS_I(old_dir).index_cnt:INC@8017,TRUE_RESIDUAL,NO_BUG,CONTAINED_NOT_BUG,TRANSACTION_OR_FATAL_CONTAINMENT,"The mutation can remain at this function return, but the caller cancels/aborts the dirty transaction or shuts down the filesystem, so the state cannot continue as ordinary live metadata.",,2026-07-24
BTRFS-108,btrfs,108,btrfs_rename_exchange,linux-sources/linux-v6.14-fs/fs/btrfs/inode.c,8103,"btrfs_update_inode(trans, BTRFS_I(new_inode))",8163,return ret;,BTRFS_I(old_dentry->d_inode).dir_index:SET@8021;BTRFS_I(new_dentry->d_inode).dir_index:SET@8022;BTRFS_I(new_dir).index_cnt:INC@8014;BTRFS_I(old_dir).index_cnt:INC@8017,TRUE_RESIDUAL,NO_BUG,CONTAINED_NOT_BUG,TRANSACTION_OR_FATAL_CONTAINMENT,"The mutation can remain at this function return, but the caller cancels/aborts the dirty transaction or shuts down the filesystem, so the state cannot continue as ordinary live metadata.",,2026-07-24
BTRFS-109,btrfs,109,btrfs_rename_exchange,linux-sources/linux-v6.14-fs/fs/btrfs/inode.c,8110,"btrfs_add_link(trans, BTRFS_I(new_dir), BTRFS_I(old_inode), new_name, 0, old_idx)",8163,return ret;,BTRFS_I(old_dentry->d_inode).dir_index:SET@8021;BTRFS_I(new_dentry->d_inode).dir_index:SET@8022;BTRFS_I(new_dir).index_cnt:INC@8014;BTRFS_I(old_dir).index_cnt:INC@8017,TRUE_RESIDUAL,NO_BUG,CONTAINED_NOT_BUG,TRANSACTION_OR_FATAL_CONTAINMENT,"The mutation can remain at this function return, but the caller cancels/aborts the dirty transaction or shuts down the filesystem, so the state cannot continue as ordinary live metadata.",,2026-07-24
BTRFS-110,btrfs,110,btrfs_rename_exchange,linux-sources/linux-v6.14-fs/fs/btrfs/inode.c,8117,"btrfs_add_link(trans, BTRFS_I(old_dir), BTRFS_I(new_inode), old_name, 0, new_idx)",8163,return ret;,BTRFS_I(old_dentry->d_inode).dir_index:SET@8021;BTRFS_I(new_dentry->d_inode).dir_index:SET@8022;BTRFS_I(new_dir).index_cnt:INC@8014;BTRFS_I(old_dir).index_cnt:INC@8017,TRUE_RESIDUAL,NO_BUG,CONTAINED_NOT_BUG,TRANSACTION_OR_FATAL_CONTAINMENT,"The mutation can remain at this function return, but the caller cancels/aborts the dirty transaction or shuts down the filesystem, so the state cannot continue as ordinary live metadata.",,2026-07-24
BTRFS-111,btrfs,111,btrfs_rename,linux-sources/linux-v6.14-fs/fs/btrfs/inode.c,8325,"btrfs_insert_inode_ref(trans, dest, &new_fname.disk_name, old_ino, btrfs_ino(BTRFS_I(new_dir)), index)",8430,return ret;,BTRFS_I(old_inode).dir_index:SET@8320;BTRFS_I(new_dir).index_cnt:INC@8316,TRUE_RESIDUAL,NO_BUG,CONTAINED_NOT_BUG,TRANSACTION_OR_FATAL_CONTAINMENT,"The mutation can remain at this function return, but the caller cancels/aborts the dirty transaction or shuts down the filesystem, so the state cannot continue as ordinary live metadata.",,2026-07-24
BTRFS-112,btrfs,112,btrfs_rename,linux-sources/linux-v6.14-fs/fs/btrfs/inode.c,8342,"btrfs_unlink_subvol(trans, BTRFS_I(old_dir), old_dentry)",8430,return ret;,BTRFS_I(old_inode).dir_index:SET@8320;BTRFS_I(new_dir).index_cnt:INC@8316,TRUE_RESIDUAL,NO_BUG,CONTAINED_NOT_BUG,TRANSACTION_OR_FATAL_CONTAINMENT,"The mutation can remain at this function return, but the caller cancels/aborts the dirty transaction or shuts down the filesystem, so the state cannot continue as ordinary live metadata.",,2026-07-24
BTRFS-113,btrfs,113,btrfs_rename,linux-sources/linux-v6.14-fs/fs/btrfs/inode.c,8348,"__btrfs_unlink_inode(trans, BTRFS_I(old_dir), BTRFS_I(d_inode(old_dentry)), &old_fname.disk_name, &rename_ctx)",8430,return ret;,BTRFS_I(old_inode).dir_index:SET@8320;BTRFS_I(new_dir).index_cnt:INC@8316,TRUE_RESIDUAL,NO_BUG,CONTAINED_NOT_BUG,TRANSACTION_OR_FATAL_CONTAINMENT,"The mutation can remain at this function return, but the caller cancels/aborts the dirty transaction or shuts down the filesystem, so the state cannot continue as ordinary live metadata.",,2026-07-24
BTRFS-114,btrfs,114,btrfs_rename,linux-sources/linux-v6.14-fs/fs/btrfs/inode.c,8355,"btrfs_update_inode(trans, BTRFS_I(old_inode))",8430,return ret;,BTRFS_I(old_inode).dir_index:SET@8320;BTRFS_I(new_dir).index_cnt:INC@8316,TRUE_RESIDUAL,NO_BUG,CONTAINED_NOT_BUG,TRANSACTION_OR_FATAL_CONTAINMENT,"The mutation can remain at this function return, but the caller cancels/aborts the dirty transaction or shuts down the filesystem, so the state cannot continue as ordinary live metadata.",,2026-07-24
BTRFS-115,btrfs,115,btrfs_rename,linux-sources/linux-v6.14-fs/fs/btrfs/inode.c,8366,"btrfs_unlink_subvol(trans, BTRFS_I(new_dir), new_dentry)",8430,return ret;,BTRFS_I(old_inode).dir_index:SET@8320;BTRFS_I(new_dir).index_cnt:INC@8316,TRUE_RESIDUAL,NO_BUG,CONTAINED_NOT_BUG,TRANSACTION_OR_FATAL_CONTAINMENT,"The mutation can remain at this function return, but the caller cancels/aborts the dirty transaction or shuts down the filesystem, so the state cannot continue as ordinary live metadata.",,2026-07-24
BTRFS-116,btrfs,116,btrfs_rename,linux-sources/linux-v6.14-fs/fs/btrfs/inode.c,8373,"btrfs_unlink_inode(trans, BTRFS_I(new_dir), BTRFS_I(d_inode(new_dentry)), &new_fname.disk_name)",8430,return ret;,BTRFS_I(old_inode).dir_index:SET@8320;BTRFS_I(new_dir).index_cnt:INC@8316,TRUE_RESIDUAL,NO_BUG,CONTAINED_NOT_BUG,TRANSACTION_OR_FATAL_CONTAINMENT,"The mutation can remain at this function return, but the caller cancels/aborts the dirty transaction or shuts down the filesystem, so the state cannot continue as ordinary live metadata.",,2026-07-24
BTRFS-117,btrfs,117,btrfs_rename,linux-sources/linux-v6.14-fs/fs/btrfs/inode.c,8382,"btrfs_orphan_add(trans, BTRFS_I(d_inode(new_dentry)))",8430,return ret;,BTRFS_I(old_inode).dir_index:SET@8320;BTRFS_I(new_dir).index_cnt:INC@8316,TRUE_RESIDUAL,NO_BUG,CONTAINED_NOT_BUG,TRANSACTION_OR_FATAL_CONTAINMENT,"The mutation can remain at this function return, but the caller cancels/aborts the dirty transaction or shuts down the filesystem, so the state cannot continue as ordinary live metadata.",,2026-07-24
BTRFS-118,btrfs,118,btrfs_rename,linux-sources/linux-v6.14-fs/fs/btrfs/inode.c,8391,"btrfs_add_link(trans, BTRFS_I(new_dir), BTRFS_I(old_inode), &new_fname.disk_name, 0, index)",8430,return ret;,BTRFS_I(old_inode).dir_index:SET@8320;BTRFS_I(new_dir).index_cnt:INC@8316,TRUE_RESIDUAL,NO_BUG,CONTAINED_NOT_BUG,TRANSACTION_OR_FATAL_CONTAINMENT,"The mutation can remain at this function return, but the caller cancels/aborts the dirty transaction or shuts down the filesystem, so the state cannot continue as ordinary live metadata.",,2026-07-24
BTRFS-119,btrfs,119,btrfs_rename,linux-sources/linux-v6.14-fs/fs/btrfs/inode.c,8406,"btrfs_create_new_inode(trans, &whiteout_args)",8430,return ret;,BTRFS_I(old_inode).dir_index:SET@8320;BTRFS_I(old_inode).dir_index:SET@8399;BTRFS_I(new_dir).index_cnt:INC@8316,TRUE_RESIDUAL,NO_BUG,CONTAINED_NOT_BUG,TRANSACTION_OR_FATAL_CONTAINMENT,"The mutation can remain at this function return, but the caller cancels/aborts the dirty transaction or shuts down the filesystem, so the state cannot continue as ordinary live metadata.",,2026-07-24
BTRFS-120,btrfs,120,create_subvol,linux-sources/linux-v6.14-fs/fs/btrfs/ioctl.c,658,"btrfs_record_root_in_trans(trans, new_root)",699,return ret;,root.btrfs_subvolume_reserve_metadata:RESERVE@558;root.btrfs_qgroup_convert_reserved_meta:RESERVE@569;BTRFS_I(new_inode_args.inode).root:SET@655,TRUE_RESIDUAL,NO_BUG,CONTAINED_NOT_BUG,TRANSACTION_OR_FATAL_CONTAINMENT,"The mutation can remain at this function return, but the caller cancels/aborts the dirty transaction or shuts down the filesystem, so the state cannot continue as ordinary live metadata.",,2026-07-24
BTRFS-121,btrfs,121,create_subvol,linux-sources/linux-v6.14-fs/fs/btrfs/ioctl.c,664,"btrfs_uuid_tree_add(trans, root_item->uuid, BTRFS_UUID_KEY_SUBVOL, objectid)",699,return ret;,root.btrfs_subvolume_reserve_metadata:RESERVE@558;root.btrfs_qgroup_convert_reserved_meta:RESERVE@569;BTRFS_I(new_inode_args.inode).root:SET@655,TRUE_RESIDUAL,NO_BUG,CONTAINED_NOT_BUG,TRANSACTION_OR_FATAL_CONTAINMENT,"The mutation can remain at this function return, but the caller cancels/aborts the dirty transaction or shuts down the filesystem, so the state cannot continue as ordinary live metadata.",,2026-07-24
BTRFS-122,btrfs,122,create_subvol,linux-sources/linux-v6.14-fs/fs/btrfs/ioctl.c,671,"btrfs_create_new_inode(trans, &new_inode_args)",699,return ret;,root.btrfs_subvolume_reserve_metadata:RESERVE@558;root.btrfs_qgroup_convert_reserved_meta:RESERVE@569;BTRFS_I(new_inode_args.inode).root:SET@655,TRUE_RESIDUAL,NO_BUG,CONTAINED_NOT_BUG,TRANSACTION_OR_FATAL_CONTAINMENT,"The mutation can remain at this function return, but the caller cancels/aborts the dirty transaction or shuts down the filesystem, so the state cannot continue as ordinary live metadata.",,2026-07-24
BTRFS-123,btrfs,123,create_snapshot,linux-sources/linux-v6.14-fs/fs/btrfs/ioctl.c,774,"btrfs_record_root_in_trans(trans, BTRFS_I(dir)->root)",820,return ret;,pending_snapshot.root_item:SET@741;pending_snapshot.path:SET@743;BTRFS_I(dir)->root.btrfs_subvolume_reserve_metadata:RESERVE@757;pending_snapshot.dentry:SET@763;pending_snapshot.root:SET@764;pending_snapshot.readonly:SET@765;pending_snapshot.dir:SET@766;pending_snapshot.inherit:SET@767,TRUE_RESIDUAL,NO_BUG,CONTAINED_NOT_BUG,TRANSACTION_OR_FATAL_CONTAINMENT,"The mutation can remain at this function return, but the caller cancels/aborts the dirty transaction or shuts down the filesystem, so the state cannot continue as ordinary live metadata.",,2026-07-24
BTRFS-124,btrfs,124,create_snapshot,linux-sources/linux-v6.14-fs/fs/btrfs/ioctl.c,784,btrfs_commit_transaction(trans),820,return ret;,pending_snapshot.root_item:SET@741;pending_snapshot.path:SET@743;BTRFS_I(dir)->root.btrfs_subvolume_reserve_metadata:RESERVE@757;pending_snapshot.dentry:SET@763;pending_snapshot.root:SET@764;pending_snapshot.readonly:SET@765;pending_snapshot.dir:SET@766;pending_snapshot.inherit:SET@767;root.btrfs_qgroup_convert_reserved_meta:RESERVE@779;trans.pending_snapshot:SET@782,TRUE_RESIDUAL,NO_BUG,CONTAINED_NOT_BUG,TRANSACTION_OR_FATAL_CONTAINMENT,"The mutation can remain at this function return, but the caller cancels/aborts the dirty transaction or shuts down the filesystem, so the state cannot continue as ordinary live metadata.",,2026-07-24
BTRFS-125,btrfs,125,create_snapshot,linux-sources/linux-v6.14-fs/fs/btrfs/ioctl.c,784,btrfs_commit_transaction(trans),820,return ret;,pending_snapshot.root_item:SET@741;pending_snapshot.path:SET@743;BTRFS_I(dir)->root.btrfs_subvolume_reserve_metadata:RESERVE@757;pending_snapshot.dentry:SET@763;pending_snapshot.root:SET@764;pending_snapshot.readonly:SET@765;pending_snapshot.dir:SET@766;pending_snapshot.inherit:SET@767;root.btrfs_qgroup_convert_reserved_meta:RESERVE@779;trans.pending_snapshot:SET@782,TRUE_RESIDUAL,NO_BUG,CONTAINED_NOT_BUG,TRANSACTION_OR_FATAL_CONTAINMENT,"The mutation can remain at this function return, but the caller cancels/aborts the dirty transaction or shuts down the filesystem, so the state cannot continue as ordinary live metadata.",,2026-07-24
BTRFS-126,btrfs,126,create_snapshot,linux-sources/linux-v6.14-fs/fs/btrfs/ioctl.c,792,btrfs_orphan_cleanup(pending_snapshot->snap),820,return ret;,pending_snapshot.root_item:SET@741;pending_snapshot.path:SET@743;BTRFS_I(dir)->root.btrfs_subvolume_reserve_metadata:RESERVE@757;pending_snapshot.dentry:SET@763;pending_snapshot.root:SET@764;pending_snapshot.readonly:SET@765;pending_snapshot.dir:SET@766;pending_snapshot.inherit:SET@767;root.btrfs_qgroup_convert_reserved_meta:RESERVE@779;trans.pending_snapshot:SET@782;trans.btrfs_commit_transaction:ADD@784,TRUE_RESIDUAL,NO_BUG,CONTAINED_NOT_BUG,TRANSACTION_OR_FATAL_CONTAINMENT,"The mutation can remain at this function return, but the caller cancels/aborts the dirty transaction or shuts down the filesystem, so the state cannot continue as ordinary live metadata.",,2026-07-24
BTRFS-127,btrfs,127,btrfs_lookup_ordered_extent,linux-sources/linux-v6.14-fs/fs/btrfs/ordered-data.c,957,"rb_entry(node, struct btrfs_ordered_extent, rb_node)",966,return entry;,inode.ordered_tree_last:SET@953,FALSE_POSITIVE,NO_BUG,FALSE_ALARM,INTENTIONAL_PROGRESS_OR_OUTPUT,"The value is an output, retry cursor, cache population, terminal error state, or completed progress that is intentionally retained across the later failure.",,2026-07-24
BTRFS-128,btrfs,128,btrfs_lookup_ordered_range,linux-sources/linux-v6.14-fs/fs/btrfs/ordered-data.c,987,"rb_entry(node, struct btrfs_ordered_extent, rb_node)",1006,return entry;,inode.ordered_tree_last:SET@979;inode.ordered_tree_last:SET@981,FALSE_POSITIVE,NO_BUG,FALSE_ALARM,INTENTIONAL_PROGRESS_OR_OUTPUT,"The value is an output, retry cursor, cache population, terminal error state, or completed progress that is intentionally retained across the later failure.",,2026-07-24
BTRFS-129,btrfs,129,btrfs_qgroup_inherit,linux-sources/linux-v6.14-fs/fs/btrfs/qgroup.c,3491,"add_relation_rb(fs_info, qlist_prealloc[i], objectid, *i_qgroups)",3567,return ret;,trans->fs_info.qgroup_auto_inherit:INC@3366;trans.add_qgroup_item:INC@3394;trans.add_qgroup_relation_item:INC@3406;trans.add_qgroup_relation_item:INC@3410;trans->fs_info.add_qgroup_rb:INC@3436;dstgroup.rsv_rfer:SET@3443;dstgroup.rsv_excl:SET@3444;trans->fs_info.qgroup_dirty:INC@3446;dstgroup.rsv_rfer:SET@3471;dstgroup.rsv_excl:SET@3472;trans->fs_info.qgroup_dirty:INC@3474;trans->fs_info.qgroup_dirty:INC@3475;prealloc->node.tree_membership:ADD@3436;fs_info->dirty_qgroups.list_membership:ADD@3446;fs_info->dirty_qgroups.list_membership:ADD@3474;fs_info->dirty_qgroups.list_membership:ADD@3475,TRUE_RESIDUAL,NO_BUG,CONTAINED_NOT_BUG,TRANSACTION_OR_FATAL_CONTAINMENT,"The mutation can remain at this function return, but the caller cancels/aborts the dirty transaction or shuts down the filesystem, so the state cannot continue as ordinary live metadata.",,2026-07-24
BTRFS-130,btrfs,130,qgroup_rescan_leaf,linux-sources/linux-v6.14-fs/fs/btrfs/qgroup.c,3784,"btrfs_find_all_roots(&ctx, false)",3801,return ret;,trans->fs_info->qgroup_rescan_progress.objectid:SET@3757,TRUE_RESIDUAL,NO_BUG,CONTAINED_NOT_BUG,TRANSACTION_OR_FATAL_CONTAINMENT,"The mutation can remain at this function return, but the caller cancels/aborts the dirty transaction or shuts down the filesystem, so the state cannot continue as ordinary live metadata.",,2026-07-24
BTRFS-131,btrfs,131,qgroup_rescan_leaf,linux-sources/linux-v6.14-fs/fs/btrfs/qgroup.c,3788,"btrfs_qgroup_account_extent(trans, found.objectid, num_bytes, NULL, ctx.roots)",3801,return ret;,trans->fs_info->qgroup_rescan_progress.objectid:SET@3757;trans->fs_info.qgroup_update_refcnt:INC@3788;trans->fs_info.qgroup_update_counters:INC@3788;qgroups.qgroup_iterator_nested_clean:INC@3788;trans->fs_info.qgroup_seq:INC@3788,TRUE_RESIDUAL,NO_BUG,CONTAINED_NOT_BUG,TRANSACTION_OR_FATAL_CONTAINMENT,"The mutation can remain at this function return, but the caller cancels/aborts the dirty transaction or shuts down the filesystem, so the state cannot continue as ordinary live metadata.",,2026-07-24
BTRFS-132,btrfs,132,btrfs_qgroup_rescan,linux-sources/linux-v6.14-fs/fs/btrfs/qgroup.c,4031,btrfs_commit_current_transaction(fs_info->fs_root),4034,return ret;,fs_info.qgroup_rescan_init:INC@4016;fs_info->qgroup_rescan_progress.objectid:SET@4016,FALSE_POSITIVE,NO_BUG,FALSE_ALARM,INTENTIONAL_PROGRESS_OR_OUTPUT,"The value is an output, retry cursor, cache population, terminal error state, or completed progress that is intentionally retained across the later failure.",,2026-07-24
BTRFS-133,btrfs,133,btrfs_qgroup_trace_subtree_after_cow,linux-sources/linux-v6.14-fs/fs/btrfs/qgroup.c,4864,"qgroup_trace_subtree_swap(trans, reloc_eb, subvol_eb, block->last_snapshot, block->trace_leaf)",4876,return ret;,root->swapped_blocks.swapped:SET@4844,TRUE_RESIDUAL,NO_BUG,CONTAINED_NOT_BUG,TRANSACTION_OR_FATAL_CONTAINMENT,"The mutation can remain at this function return, but the caller cancels/aborts the dirty transaction or shuts down the filesystem, so the state cannot continue as ordinary live metadata.",,2026-07-24
BTRFS-134,btrfs,134,rmw_assemble_write_bios,linux-sources/linux-v6.14-fs/fs/btrfs/raid56.c,1378,"rbio_add_io_sector(rbio, bio_list, sector, stripe, sectornr, REQ_OP_WRITE)",1438,return -EIO;,rbio->error_bitmap.bit:stripe * rbio->stripe_nsectors + sectornr:SET@1378,FALSE_POSITIVE,NO_BUG,FALSE_ALARM,PRIVATE_OR_CLEANED_STATE,"The reported effect belongs to an unpublished object, output/cursor, or temporary cache, or is removed by the reviewed error cleanup; no live metadata owner retains it.",,2026-07-24
BTRFS-135,btrfs,135,rmw_assemble_write_bios,linux-sources/linux-v6.14-fs/fs/btrfs/raid56.c,1428,"rbio_add_io_sector(rbio, bio_list, sector, rbio->real_stripes, sectornr, REQ_OP_WRITE)",1438,return -EIO;,rbio->error_bitmap.bit:stripe * rbio->stripe_nsectors + sectornr:SET@1378;rbio->error_bitmap.bit:rbio->real_stripes * rbio->stripe_nsectors + sectornr:SET@1428,FALSE_POSITIVE,NO_BUG,FALSE_ALARM,PRIVATE_OR_CLEANED_STATE,"The reported effect belongs to an unpublished object, output/cursor, or temporary cache, or is removed by the reviewed error cleanup; no live metadata owner retains it.",,2026-07-24
BTRFS-136,btrfs,136,recover_sectors,linux-sources/linux-v6.14-fs/fs/btrfs/raid56.c,2012,"recover_vertical(rbio, sectornr, pointers, unmap_array)",2020,return ret;,rbio->flags.bit:RBIO_RMW_LOCKED_BIT:SET@2005,FALSE_POSITIVE,NO_BUG,FALSE_ALARM,PRIVATE_OR_CLEANED_STATE,"The reported effect belongs to an unpublished object, output/cursor, or temporary cache, or is removed by the reviewed error cleanup; no live metadata owner retains it.",,2026-07-24
BTRFS-137,btrfs,137,rmw_read_wait_recover,linux-sources/linux-v6.14-fs/fs/btrfs/raid56.c,2266,"rbio_add_io_sector(rbio, &bio_list, sector, stripe, sectornr, REQ_OP_READ)",2270,return ret;,rbio->error_bitmap.bit:stripe * rbio->stripe_nsectors + sectornr:SET@2266,FALSE_POSITIVE,NO_BUG,FALSE_ALARM,PRIVATE_OR_CLEANED_STATE,"The reported effect belongs to an unpublished object, output/cursor, or temporary cache, or is removed by the reviewed error cleanup; no live metadata owner retains it.",,2026-07-24
BTRFS-138,btrfs,138,finish_parity_scrub,linux-sources/linux-v6.14-fs/fs/btrfs/raid56.c,2628,"rbio_add_io_sector(rbio, &bio_list, sector, rbio->scrubp, sectornr, REQ_OP_WRITE)",2659,return ret;,rbio->error_bitmap.bit:rbio->scrubp * rbio->stripe_nsectors + sectornr:SET@2628,FALSE_POSITIVE,NO_BUG,FALSE_ALARM,PRIVATE_OR_CLEANED_STATE,"The reported effect belongs to an unpublished object, output/cursor, or temporary cache, or is removed by the reviewed error cleanup; no live metadata owner retains it.",,2026-07-24
BTRFS-139,btrfs,139,finish_parity_scrub,linux-sources/linux-v6.14-fs/fs/btrfs/raid56.c,2646,"rbio_add_io_sector(rbio, &bio_list, sector, rbio->real_stripes, sectornr, REQ_OP_WRITE)",2659,return ret;,rbio->error_bitmap.bit:rbio->scrubp * rbio->stripe_nsectors + sectornr:SET@2628;rbio->error_bitmap.bit:rbio->real_stripes * rbio->stripe_nsectors + sectornr:SET@2646,FALSE_POSITIVE,NO_BUG,FALSE_ALARM,PRIVATE_OR_CLEANED_STATE,"The reported effect belongs to an unpublished object, output/cursor, or temporary cache, or is removed by the reviewed error cleanup; no live metadata owner retains it.",,2026-07-24
BTRFS-140,btrfs,140,scrub_assemble_read_bios,linux-sources/linux-v6.14-fs/fs/btrfs/raid56.c,2787,"rbio_add_io_sector(rbio, &bio_list, sector, stripe, sectornr, REQ_OP_READ)",2791,return ret;,rbio->error_bitmap.bit:stripe * rbio->stripe_nsectors + sectornr:SET@2787,FALSE_POSITIVE,NO_BUG,FALSE_ALARM,PRIVATE_OR_CLEANED_STATE,"The reported effect belongs to an unpublished object, output/cursor, or temporary cache, or is removed by the reviewed error cleanup; no live metadata owner retains it.",,2026-07-24
BTRFS-141,btrfs,141,add_block_entry,linux-sources/linux-v6.14-fs/fs/btrfs/ref-verify.c,284,"insert_block_entry(&fs_info->block_tree, be)",296,return exist;,re.root_objectid:SET@280;be->node.tree_membership:ADD@284,FALSE_POSITIVE,NO_BUG,FALSE_ALARM,PRIVATE_OR_CLEANED_STATE,"The reported effect belongs to an unpublished object, output/cursor, or temporary cache, or is removed by the reviewed error cleanup; no live metadata owner retains it.",,2026-07-24
BTRFS-142,btrfs,142,copy_inline_to_page,linux-sources/linux-v6.14-fs/fs/btrfs/reflink.c,122,"btrfs_decompress(comp_type, data_start, folio, offset_in_folio(folio, file_offset), inline_size, datal)",160,return ret;,inode.btrfs_delalloc_reserve_space:RESERVE@81;inode->runtime_flags.bit:BTRFS_INODE_NO_DELALLOC_FLUSH:SET@116,FALSE_POSITIVE,NO_BUG,FALSE_ALARM,PRIVATE_OR_CLEANED_STATE,"The reported effect belongs to an unpublished object, output/cursor, or temporary cache, or is removed by the reviewed error cleanup; no live metadata owner retains it.",,2026-07-24
BTRFS-143,btrfs,143,copy_inline_to_page,linux-sources/linux-v6.14-fs/fs/btrfs/reflink.c,122,"btrfs_decompress(comp_type, data_start, folio, offset_in_folio(folio, file_offset), inline_size, datal)",160,return ret;,inode.btrfs_delalloc_reserve_space:RESERVE@81;inode->runtime_flags.bit:BTRFS_INODE_NO_DELALLOC_FLUSH:SET@116,FALSE_POSITIVE,NO_BUG,FALSE_ALARM,PRIVATE_OR_CLEANED_STATE,"The reported effect belongs to an unpublished object, output/cursor, or temporary cache, or is removed by the reviewed error cleanup; no live metadata owner retains it.",,2026-07-24
BTRFS-144,btrfs,144,btrfs_clone,linux-sources/linux-v6.14-fs/fs/btrfs/reflink.c,558,"clone_finish_inode_update(trans, inode, last_dest_end, destoff, olen, no_time_update)",617,return ret;,BTRFS_I(src).last_reflink_trans:SET@552;BTRFS_I(inode).last_reflink_trans:SET@554,TRUE_RESIDUAL,NO_BUG,CONTAINED_NOT_BUG,TRANSACTION_OR_FATAL_CONTAINMENT,"The mutation can remain at this function return, but the caller cancels/aborts the dirty transaction or shuts down the filesystem, so the state cannot continue as ordinary live metadata.",,2026-07-24
BTRFS-145,btrfs,145,btrfs_clone,linux-sources/linux-v6.14-fs/fs/btrfs/reflink.c,603,"btrfs_replace_file_extents(BTRFS_I(inode), path, last_dest_end, destoff + len - 1, NULL, &trans)",617,return ret;,BTRFS_I(src).last_reflink_trans:SET@552;BTRFS_I(inode).last_reflink_trans:SET@554,TRUE_RESIDUAL,NO_BUG,CONTAINED_NOT_BUG,TRANSACTION_OR_FATAL_CONTAINMENT,"The mutation can remain at this function return, but the caller cancels/aborts the dirty transaction or shuts down the filesystem, so the state cannot continue as ordinary live metadata.",,2026-07-24
BTRFS-146,btrfs,146,__add_reloc_root,linux-sources/linux-v6.14-fs/fs/btrfs/relocation.c,482,"rb_simple_insert(&rc->reloc_root_tree.rb_root, node->bytenr, &node->rb_node)",489,return -EEXIST;,node.bytenr:SET@478;node.data:SET@479,FALSE_POSITIVE,CONFIRMED_DIFFERENT_DEFECT,DIFFERENT_DEFECT,FRESH_NODE_RESOURCE_LEAK,"The Candidate only reports fields of the fresh mapping_node, not a metadata residual.  The duplicate rb insertion branch nevertheless returns -EEXIST without freeing that node.",confirmed bug #6,2026-07-24
BTRFS-147,btrfs,147,btrfs_init_reloc_root,linux-sources/linux-v6.14-fs/fs/btrfs/relocation.c,729,__add_reloc_root(reloc_root),734,return ret;,trans.block_rsv:SET@720;trans.block_rsv:SET@725,FALSE_POSITIVE,NO_BUG,FALSE_ALARM,PRIVATE_OR_CLEANED_STATE,"The reported effect belongs to an unpublished object, output/cursor, or temporary cache, or is removed by the reviewed error cleanup; no live metadata owner retains it.",,2026-07-24
BTRFS-148,btrfs,148,replace_path,linux-sources/linux-v6.14-fs/fs/btrfs/relocation.c,1126,"btrfs_search_slot(trans, src, &key, path, 0, 1)",1227,return ret;,src->state.bit:BTRFS_ROOT_RESET_LOCKDEP_CLASS:SET@1125,TRUE_RESIDUAL,NO_BUG,CONTAINED_NOT_BUG,TRANSACTION_OR_FATAL_CONTAINMENT,"The mutation can remain at this function return, but the caller cancels/aborts the dirty transaction or shuts down the filesystem, so the state cannot continue as ordinary live metadata.",,2026-07-24
BTRFS-149,btrfs,149,insert_dirty_subvol,linux-sources/linux-v6.14-fs/fs/btrfs/relocation.c,1426,"btrfs_update_reloc_root(trans, root)",1428,return ret;,root->state.bit:BTRFS_ROOT_DEAD_RELOC_TREE:SET@1426;root->reloc_root.commit_root:SET@1426,TRUE_RESIDUAL,NO_BUG,CONTAINED_NOT_BUG,TRANSACTION_OR_FATAL_CONTAINMENT,"The mutation can remain at this function return, but the caller cancels/aborts the dirty transaction or shuts down the filesystem, so the state cannot continue as ordinary live metadata.",,2026-07-24
BTRFS-150,btrfs,150,merge_reloc_root,linux-sources/linux-v6.14-fs/fs/btrfs/relocation.c,1592,"replace_path(trans, rc, root, reloc_root, path, &next_key, level, max_level)",1652,return ret;,root->reloc_root.btrfs_set_root_last_trans:ADD@1576;trans.block_rsv:SET@1577,TRUE_RESIDUAL,NO_BUG,CONTAINED_NOT_BUG,TRANSACTION_OR_FATAL_CONTAINMENT,"The mutation can remain at this function return, but the caller cancels/aborts the dirty transaction or shuts down the filesystem, so the state cannot continue as ordinary live metadata.",,2026-07-24
BTRFS-151,btrfs,151,prepare_to_merge,linux-sources/linux-v6.14-fs/fs/btrfs/relocation.c,1680,btrfs_join_transaction(rc->extent_root),1685,return PTR_ERR(trans);,rc.merging_rsv_size:INC@1667;rc.merging_rsv_size:INC@1668;rc->extent_root->fs_info.btrfs_block_rsv_add:RESERVE@1674,TRUE_RESIDUAL,NO_BUG,CONTAINED_NOT_BUG,TRANSACTION_OR_FATAL_CONTAINMENT,"The mutation can remain at this function return, but the caller cancels/aborts the dirty transaction or shuts down the filesystem, so the state cannot continue as ordinary live metadata.",,2026-07-24
BTRFS-152,btrfs,152,refill_metadata_space,linux-sources/linux-v6.14-fs/fs/btrfs/relocation.c,2136,"btrfs_block_rsv_refill(fs_info, rc->block_rsv, num_bytes, BTRFS_RESERVE_FLUSH_LIMIT)",2152,return -EAGAIN;,trans.block_rsv:SET@2128;rc.reserved_bytes:INC@2129,TRUE_RESIDUAL,NO_BUG,CONTAINED_NOT_BUG,TRANSACTION_OR_FATAL_CONTAINMENT,"The mutation can remain at this function return, but the caller cancels/aborts the dirty transaction or shuts down the filesystem, so the state cannot continue as ordinary live metadata.",,2026-07-24
BTRFS-153,btrfs,153,do_relocation,linux-sources/linux-v6.14-fs/fs/btrfs/relocation.c,2275,"btrfs_cow_block(trans, root, eb, upper->eb, slot, &eb, BTRFS_NESTING_COW)",2333,return ret;,edge->node[UPPER].eb:SET@2233;edge->node[UPPER].locked:SET@2239,TRUE_RESIDUAL,NO_BUG,CONTAINED_NOT_BUG,TRANSACTION_OR_FATAL_CONTAINMENT,"The mutation can remain at this function return, but the caller cancels/aborts the dirty transaction or shuts down the filesystem, so the state cannot continue as ordinary live metadata.",,2026-07-24
BTRFS-154,btrfs,154,do_relocation,linux-sources/linux-v6.14-fs/fs/btrfs/relocation.c,2306,"btrfs_drop_subtree(trans, root, eb, upper->eb)",2333,return ret;,edge->node[UPPER].eb:SET@2233;edge->node[UPPER].locked:SET@2239,TRUE_RESIDUAL,NO_BUG,CONTAINED_NOT_BUG,TRANSACTION_OR_FATAL_CONTAINMENT,"The mutation can remain at this function return, but the caller cancels/aborts the dirty transaction or shuts down the filesystem, so the state cannot continue as ordinary live metadata.",,2026-07-24
BTRFS-155,btrfs,155,relocate_cowonly_block,linux-sources/linux-v6.14-fs/fs/btrfs/relocation.c,2553,"refill_metadata_space(trans, rc, num_bytes)",2556,return ret;,trans.block_rsv:SET@2553;rc.reserved_bytes:INC@2553;rc->block_rsv.size:SET@2553,TRUE_RESIDUAL,NO_BUG,CONTAINED_NOT_BUG,TRANSACTION_OR_FATAL_CONTAINMENT,"The mutation can remain at this function return, but the caller cancels/aborts the dirty transaction or shuts down the filesystem, so the state cannot continue as ordinary live metadata.",,2026-07-24
BTRFS-156,btrfs,156,relocate_data_extent,linux-sources/linux-v6.14-fs/fs/btrfs/relocation.c,3041,relocate_file_extent_cluster(rc),3043,return ret;,root.relocation_src_root:SET@3040,TRUE_RESIDUAL,NO_BUG,CONTAINED_NOT_BUG,TRANSACTION_OR_FATAL_CONTAINMENT,"The mutation can remain at this function return, but the caller cancels/aborts the dirty transaction or shuts down the filesystem, so the state cannot continue as ordinary live metadata.",,2026-07-24
BTRFS-157,btrfs,157,relocate_data_extent,linux-sources/linux-v6.14-fs/fs/btrfs/relocation.c,3060,relocate_file_extent_cluster(rc),3062,return ret;,root.relocation_src_root:SET@3040;root.relocation_src_root:SET@3046;cluster.owning_root:SET@3051,TRUE_RESIDUAL,NO_BUG,CONTAINED_NOT_BUG,TRANSACTION_OR_FATAL_CONTAINMENT,"The mutation can remain at this function return, but the caller cancels/aborts the dirty transaction or shuts down the filesystem, so the state cannot continue as ordinary live metadata.",,2026-07-24
BTRFS-158,btrfs,158,prepare_to_relocate,linux-sources/linux-v6.14-fs/fs/btrfs/relocation.c,3495,"btrfs_block_rsv_refill(rc->extent_root->fs_info, rc->block_rsv, rc->block_rsv->size, BTRFS_RESERVE_FLUSH_ALL)",3499,return ret;,rc.block_rsv:SET@3482;rc->extent_root->fs_info.btrfs_alloc_block_rsv:RESERVE@3482;rc->block_rsv.size:SET@3493,FALSE_POSITIVE,NO_BUG,FALSE_ALARM,PRIVATE_OR_CLEANED_STATE,"The reported effect belongs to an unpublished object, output/cursor, or temporary cache, or is removed by the reviewed error cleanup; no live metadata owner retains it.",,2026-07-24
BTRFS-159,btrfs,159,prepare_to_relocate,linux-sources/linux-v6.14-fs/fs/btrfs/relocation.c,3504,btrfs_join_transaction(rc->extent_root),3512,return PTR_ERR(trans);,rc.block_rsv:SET@3482;rc->extent_root->fs_info.btrfs_alloc_block_rsv:RESERVE@3482;rc->block_rsv.size:SET@3493;rc.create_reloc_tree:SET@3501,FALSE_POSITIVE,NO_BUG,FALSE_ALARM,PRIVATE_OR_CLEANED_STATE,"The reported effect belongs to an unpublished object, output/cursor, or temporary cache, or is removed by the reviewed error cleanup; no live metadata owner retains it.",,2026-07-24
BTRFS-160,btrfs,160,prepare_to_relocate,linux-sources/linux-v6.14-fs/fs/btrfs/relocation.c,3515,btrfs_commit_transaction(trans),3519,return ret;,rc.block_rsv:SET@3482;rc->extent_root->fs_info.btrfs_alloc_block_rsv:RESERVE@3482;rc->block_rsv.size:SET@3493;rc.create_reloc_tree:SET@3501,FALSE_POSITIVE,NO_BUG,FALSE_ALARM,PRIVATE_OR_CLEANED_STATE,"The reported effect belongs to an unpublished object, output/cursor, or temporary cache, or is removed by the reviewed error cleanup; no live metadata owner retains it.",,2026-07-24
BTRFS-161,btrfs,161,btrfs_recover_relocation,linux-sources/linux-v6.14-fs/fs/btrfs/relocation.c,4205,__add_reloc_root(reloc_root),4252,return ret;,fs_info->flags.bit:BTRFS_FS_RELOC_RUNNING:SET@4169,FALSE_POSITIVE,NO_BUG,FALSE_ALARM,RELOCATION_ERROR_CLEANUP,Failure before fs_root->reloc_root assignment returns the root to the local list; out_unset then frees the relocation control and all remaining relocation roots.,,2026-07-24
BTRFS-162,btrfs,162,btrfs_recover_relocation,linux-sources/linux-v6.14-fs/fs/btrfs/relocation.c,4217,btrfs_commit_transaction(trans),4252,return ret;,fs_root.reloc_root:SET@4213;fs_info->flags.bit:BTRFS_FS_RELOC_RUNNING:SET@4169;reloc_root->fs_info->reloc_ctl->reloc_roots.list_membership:ADD@4205,TRUE_RESIDUAL,CONFIRMED,TRUE_ISSUE,RECOVERED_ROOT_REFERENCE_NOT_DROPPED,fs_root->reloc_root is assigned before the recovery commit; the out_unset path frees reloc_control without clearing the attached references when the failure does not set BTRFS_FS_ERROR.,confirmed bug #7,2026-07-24
BTRFS-163,btrfs,163,btrfs_reloc_post_snapshot,linux-sources/linux-v6.14-fs/fs/btrfs/relocation.c,4421,"btrfs_block_rsv_migrate(&pending->block_rsv, rc->block_rsv, rc->nodes_relocated, true)",4425,return ret;,pending->root->fs_info->reloc_ctl.merging_rsv_size:INC@4418,TRUE_RESIDUAL,NO_BUG,CONTAINED_NOT_BUG,ABORTED_SNAPSHOT_RELOCATION_ACCOUNTING,"merging_rsv_size is incremented before migration, but failure aborts the snapshot transaction; the fatal relocation/transaction cleanup owns and ultimately frees reloc_control.",,2026-07-24
BTRFS-164,btrfs,164,btrfs_reloc_post_snapshot,linux-sources/linux-v6.14-fs/fs/btrfs/relocation.c,4433,__add_reloc_root(reloc_root),4438,return ret;,pending->root->fs_info->reloc_ctl.merging_rsv_size:INC@4418,TRUE_RESIDUAL,NO_BUG,CONTAINED_NOT_BUG,ABORTED_SNAPSHOT_RELOCATION_ACCOUNTING,"merging_rsv_size is incremented before reloc-root insertion, but failure aborts the snapshot transaction; the fatal relocation/transaction cleanup owns and ultimately frees reloc_control.",,2026-07-24
BTRFS-165,btrfs,165,scrub_enumerate_chunks,linux-sources/linux-v6.14-fs/fs/btrfs/scrub.c,2711,"scrub_chunk(sctx, cache, scrub_dev, found_key.offset, dev_extent_len)",2766,return ret;,fs_info->dev_replace.cursor_right:SET@2706;fs_info->dev_replace.cursor_left:SET@2707;fs_info->dev_replace.item_needs_writeback:SET@2708;cache.btrfs_wait_block_group_reservations:RESERVE@2651;root.btrfs_commit_current_transaction:ADD@2651,FALSE_POSITIVE,NO_BUG,FALSE_ALARM,INTENTIONAL_PROGRESS_OR_OUTPUT,"The value is an output, retry cursor, cache population, terminal error state, or completed progress that is intentionally retained across the later failure.",,2026-07-24
BTRFS-166,btrfs,166,apply_dir_move,linux-sources/linux-v6.14-fs/fs/btrfs/send.c,3647,"cache_dir_utimes(sctx, cur->dir, cur->dir_gen)",3658,return ret;,NULL.nlink:SET@3639,FALSE_POSITIVE,NO_BUG,FALSE_ALARM,PRIVATE_OR_CLEANED_STATE,"The reported effect belongs to an unpublished object, output/cursor, or temporary cache, or is removed by the reviewed error cleanup; no live metadata owner retains it.",,2026-07-24
BTRFS-167,btrfs,167,btrfs_init_space_info,linux-sources/linux-v6.14-fs/fs/btrfs/space-info.c,301,"create_space_info(fs_info, flags)",309,return ret;,__fresh_create_space_info_292_10785_0__.fs_info:SET@292;__fresh_create_space_info_292_10785_0__.flags:SET@292;__fresh_create_space_info_292_10785_0__.force_alloc:SET@292;__fresh_create_space_info_292_10785_0__.clamp:SET@292;__fresh_create_space_info_292_10785_0__.bg_reclaim_threshold:SET@292;fs_info->space_info.list_membership:ADD@292,FALSE_POSITIVE,NO_BUG,FALSE_ALARM,FAILED_MOUNT_SPACE_INFO_TEARDOWN,"A later create_space_info failure can leave an earlier type linked only in the failed mount object.  Mount teardown removes it, and kobject_put uses space_info_release() to free the allocation; the previously suspected leak is not present.",,2026-07-24
BTRFS-168,btrfs,168,btrfs_reconfigure,linux-sources/linux-v6.14-fs/fs/btrfs/super.c,1511,"btrfs_check_features(fs_info, !(fc->sb_flags & SB_RDONLY))",1513,return ret;,fs_info->fs_state.bit:BTRFS_FS_STATE_REMOUNTING:SET@1506,TRUE_RESIDUAL,LIKELY,TRUE_ISSUE,REMOUNT_STATE_BIT_NOT_CLEARED,"BTRFS_FS_STATE_REMOUNTING is set before feature validation, and this direct return bypasses both success and restore paths that clear it while the original mount remains live.",pending P1,2026-07-24
BTRFS-169,btrfs,169,btrfs_reconfigure,linux-sources/linux-v6.14-fs/fs/btrfs/super.c,1540,btrfs_remount_rw(fs_info),1563,return ret;,fs_info.commit_interval:SET@1515;fs_info.btrfs_qgroup_wait_for_completion:INC@1538,FALSE_POSITIVE,NO_BUG,FALSE_ALARM,REMOUNT_RESTORE_PATH,"btrfs_remount_rw() failure goes through restore, which restores the old context, performs remount cleanup, and clears BTRFS_FS_STATE_REMOUNTING.",,2026-07-24
BTRFS-170,btrfs,170,btrfs_statfs,linux-sources/linux-v6.14-fs/fs/btrfs/super.c,1773,"btrfs_calc_avail_data_space(fs_info, &total_free_data)",1775,return ret;,buf.f_blocks:SET@1759,FALSE_POSITIVE,NO_BUG,FALSE_ALARM,INTENTIONAL_PROGRESS_OR_OUTPUT,"The value is an output, retry cursor, cache population, terminal error state, or completed progress that is intentionally retained across the later failure.",,2026-07-24
BTRFS-171,btrfs,171,btrfs_get_tree_super,linux-sources/linux-v6.14-fs/fs/btrfs/super.c,1847,"btrfs_scan_one_device(fc->source, mode, true)",1851,return PTR_ERR(device);,fs_info.commit_interval:SET@1840,FALSE_POSITIVE,NO_BUG,FALSE_ALARM,FAILED_OBJECT_TEARDOWN,"The failure prevents publication or mount completion, and the reviewed owner teardown destroys the partially initialized object and its state.",,2026-07-24
BTRFS-172,btrfs,172,btrfs_get_tree_super,linux-sources/linux-v6.14-fs/fs/btrfs/super.c,1857,"btrfs_open_devices(fs_devices, mode, &btrfs_fs_type)",1860,return ret;,fs_info.fs_devices:SET@1855;fs_info.commit_interval:SET@1840,FALSE_POSITIVE,NO_BUG,FALSE_ALARM,FAILED_OBJECT_TEARDOWN,"The failure prevents publication or mount completion, and the reviewed owner teardown destroys the partially initialized object and its state.",,2026-07-24
BTRFS-173,btrfs,173,btrfs_get_tree_super,linux-sources/linux-v6.14-fs/fs/btrfs/super.c,1898,"btrfs_fill_super(sb, fs_devices)",1901,return ret;,fs_info.fs_devices:SET@1855;btrfs_sb(sb).bdev_holder:SET@1897;fs_info.commit_interval:SET@1840,FALSE_POSITIVE,NO_BUG,FALSE_ALARM,FAILED_OBJECT_TEARDOWN,"The failure prevents publication or mount completion, and the reviewed owner teardown destroys the partially initialized object and its state.",,2026-07-24
BTRFS-174,btrfs,174,btrfs_sysfs_add_mounted,linux-sources/linux-v6.14-fs/fs/btrfs/sysfs.c,2355,"sysfs_create_files(fs_info->space_info_kobj, allocation_attrs)",2362,return error;,fs_info.space_info_kobj:SET@2348,FALSE_POSITIVE,NO_BUG,FALSE_ALARM,PRIVATE_OR_CLEANED_STATE,"The reported effect belongs to an unpublished object, output/cursor, or temporary cache, or is removed by the reviewed error cleanup; no live metadata owner retains it.",,2026-07-24
BTRFS-175,btrfs,175,start_transaction,linux-sources/linux-v6.14-fs/fs/btrfs/transaction.c,772,"btrfs_record_root_in_trans(h, root)",803,return ERR_PTR(ret);,current->journal_info.orig_rsv:SET@613;root.btrfs_qgroup_reserve_meta_prealloc:RESERVE@629;root.need_reserve_reloc_root:RESERVE@648;root->fs_info.btrfs_reserve_trans_metadata:RESERVE@653;root->fs_info->trans_block_rsv.btrfs_block_rsv_add_bytes:RESERVE@658;root->fs_info.may_wait_transaction:ADD@695;root->fs_info.wait_current_trans:ADD@696;root->fs_info.wait_current_trans:ADD@701;current->journal_info.transid:SET@713;current->journal_info.transaction:SET@714;current->journal_info.fs_info:SET@716;current->journal_info.type:SET@718;root->fs_info.may_wait_transaction:ADD@724;current->journal_info.btrfs_commit_transaction:ADD@726;current->journal_info.bytes_reserved:SET@734;current->journal_info.delayed_refs_bytes_reserved:SET@740;current->journal_info->delayed_rsv.btrfs_block_rsv_add_bytes:RESERVE@741;current->journal_info.reloc_reserved:SET@744;fs_info.btrfs_reserve_metadata_bytes:RESERVE@653;fs_info->running_transaction.btrfs_put_transaction:ADD@696;fs_info->running_transaction.fs_info:SET@699;fs_info->running_transaction.state:SET@699;fs_info->running_transaction.start_time:SET@699;fs_info->trans_list.list_membership:ADD@699;fs_info->running_transaction.transid:SET@699;fs_info.running_transaction:SET@699;fs_info->running_transaction.btrfs_put_transaction:ADD@701;h->fs_info.btrfs_trans_state_lockdep_acquire:ADD@726;h->fs_info->running_transaction->delayed_refs.flags.bit:BTRFS_DELAYED_REFS_FLUSHING:SET@726;h->fs_info->running_transaction->flags.bit:BTRFS_TRANS_DIRTY_BG_RUN:SET@726;h->fs_info->running_transaction.btrfs_put_transaction:ADD@726;h->fs_info->running_transaction.state:SET@726;h.btrfs_qgroup_account_extents:INC@726;h->fs_info->running_transaction->switch_commits.list_membership:ADD@726;h.btrfs_write_and_wait_transaction:ADD@726;h->fs_info.btrfs_set_last_trans_committed:ADD@726;h.cleanup_transaction:ADD@726,TRUE_RESIDUAL,NO_BUG,CONTAINED_NOT_BUG,TRANSACTION_OR_FATAL_CONTAINMENT,"The mutation can remain at this function return, but the caller cancels/aborts the dirty transaction or shuts down the filesystem, so the state cannot continue as ordinary live metadata.",,2026-07-24
BTRFS-176,btrfs,176,btrfs_attach_transaction_barrier,linux-sources/linux-v6.14-fs/fs/btrfs/transaction.c,882,"btrfs_wait_for_commit(root->fs_info, 0)",884,return ERR_PTR(ret);,current->journal_info.orig_rsv:SET@877;root.btrfs_qgroup_reserve_meta_prealloc:RESERVE@877;root.need_reserve_reloc_root:RESERVE@877;root->fs_info.btrfs_reserve_trans_metadata:RESERVE@877;root->fs_info->trans_block_rsv.btrfs_block_rsv_add_bytes:RESERVE@877;root->fs_info.may_wait_transaction:ADD@877;root->fs_info.wait_current_trans:ADD@877;current->journal_info.transid:SET@877;current->journal_info.transaction:SET@877;current->journal_info.fs_info:SET@877;current->journal_info.TRANS_ATTACH:SET@877;current.journal_info:SET@877;current->journal_info.btrfs_commit_transaction:ADD@877;current->journal_info.bytes_reserved:SET@877;current->journal_info.delayed_refs_bytes_reserved:SET@877;current->journal_info->delayed_rsv.btrfs_block_rsv_add_bytes:RESERVE@877;current->journal_info.reloc_reserved:SET@877;root.btrfs_qgroup_convert_reserved_meta:RESERVE@877,FALSE_POSITIVE,NO_BUG,FALSE_ALARM,INTENTIONAL_PROGRESS_OR_OUTPUT,"The value is an output, retry cursor, cache population, terminal error state, or completed progress that is intentionally retained across the later failure.",,2026-07-24
BTRFS-177,btrfs,177,commit_cowonly_roots,linux-sources/linux-v6.14-fs/fs/btrfs/transaction.c,1367,"update_cowonly_root(trans, root)",1369,return ret;,trans.btrfs_run_qgroups:INC@1349;trans->transaction->switch_commits.list_membership:ADD@1365,TRUE_RESIDUAL,NO_BUG,CONTAINED_NOT_BUG,TRANSACTION_OR_FATAL_CONTAINMENT,"The mutation can remain at this function return, but the caller cancels/aborts the dirty transaction or shuts down the filesystem, so the state cannot continue as ordinary live metadata.",,2026-07-24
BTRFS-178,btrfs,178,commit_cowonly_roots,linux-sources/linux-v6.14-fs/fs/btrfs/transaction.c,1373,"btrfs_run_delayed_refs(trans, U64_MAX)",1375,return ret;,trans.btrfs_run_qgroups:INC@1349;trans->transaction->switch_commits.list_membership:ADD@1365,TRUE_RESIDUAL,NO_BUG,CONTAINED_NOT_BUG,TRANSACTION_OR_FATAL_CONTAINMENT,"The mutation can remain at this function return, but the caller cancels/aborts the dirty transaction or shuts down the filesystem, so the state cannot continue as ordinary live metadata.",,2026-07-24
BTRFS-179,btrfs,179,commit_cowonly_roots,linux-sources/linux-v6.14-fs/fs/btrfs/transaction.c,1378,btrfs_write_dirty_block_groups(trans),1380,return ret;,trans.btrfs_run_qgroups:INC@1349;trans->transaction->switch_commits.list_membership:ADD@1365,TRUE_RESIDUAL,NO_BUG,CONTAINED_NOT_BUG,TRANSACTION_OR_FATAL_CONTAINMENT,"The mutation can remain at this function return, but the caller cancels/aborts the dirty transaction or shuts down the filesystem, so the state cannot continue as ordinary live metadata.",,2026-07-24
BTRFS-180,btrfs,180,commit_cowonly_roots,linux-sources/linux-v6.14-fs/fs/btrfs/transaction.c,1388,"btrfs_run_delayed_refs(trans, U64_MAX)",1390,return ret;,trans.btrfs_run_qgroups:INC@1349;trans->transaction->switch_commits.list_membership:ADD@1365,TRUE_RESIDUAL,NO_BUG,CONTAINED_NOT_BUG,TRANSACTION_OR_FATAL_CONTAINMENT,"The mutation can remain at this function return, but the caller cancels/aborts the dirty transaction or shuts down the filesystem, so the state cannot continue as ordinary live metadata.",,2026-07-24
BTRFS-181,btrfs,181,commit_fs_roots,linux-sources/linux-v6.14-fs/fs/btrfs/transaction.c,1510,"btrfs_update_root(trans, fs_info->tree_root, &root->root_key, &root->root_item)",1514,return ret2;,trans->transaction->switch_commits.list_membership:ADD@1504,TRUE_RESIDUAL,NO_BUG,CONTAINED_NOT_BUG,TRANSACTION_OR_FATAL_CONTAINMENT,"The mutation can remain at this function return, but the caller cancels/aborts the dirty transaction or shuts down the filesystem, so the state cannot continue as ordinary live metadata.",,2026-07-24
BTRFS-182,btrfs,182,create_pending_snapshot,linux-sources/linux-v6.14-fs/fs/btrfs/transaction.c,1703,"record_root_in_trans(trans, parent_root, 0)",1906,return ret;,trans.btrfs_set_skip_qgroup:INC@1679;trans->fs_info.btrfs_block_rsv_add:RESERVE@1684;trans.block_rsv:SET@1697;parent_root.btrfs_set_root_last_trans:ADD@1703,TRUE_RESIDUAL,NO_BUG,CONTAINED_NOT_BUG,TRANSACTION_OR_FATAL_CONTAINMENT,"The mutation can remain at this function return, but the caller cancels/aborts the dirty transaction or shuts down the filesystem, so the state cannot continue as ordinary live metadata.",,2026-07-24
BTRFS-183,btrfs,183,create_pending_snapshot,linux-sources/linux-v6.14-fs/fs/btrfs/transaction.c,1807,"btrfs_insert_root(trans, tree_root, &key, new_root_item)",1906,return ret;,pending->root_item.btrfs_set_root_stransid:ADD@1775;pending->root_item.btrfs_set_root_rtransid:ADD@1776;pending->root->state.bit:BTRFS_ROOT_FORCE_COW:SET@1801,TRUE_RESIDUAL,NO_BUG,CONTAINED_NOT_BUG,TRANSACTION_OR_FATAL_CONTAINMENT,"The mutation can remain at this function return, but the caller cancels/aborts the dirty transaction or shuts down the filesystem, so the state cannot continue as ordinary live metadata.",,2026-07-24
BTRFS-184,btrfs,184,create_pending_snapshot,linux-sources/linux-v6.14-fs/fs/btrfs/transaction.c,1818,"btrfs_add_root_ref(trans, objectid, btrfs_root_id(parent_root), btrfs_ino(BTRFS_I(parent_inode)), index, &fname.disk_name)",1906,return ret;,pending->root_item.btrfs_set_root_stransid:ADD@1775;pending->root_item.btrfs_set_root_rtransid:ADD@1776;pending->root->state.bit:BTRFS_ROOT_FORCE_COW:SET@1801,TRUE_RESIDUAL,NO_BUG,CONTAINED_NOT_BUG,TRANSACTION_OR_FATAL_CONTAINMENT,"The mutation can remain at this function return, but the caller cancels/aborts the dirty transaction or shuts down the filesystem, so the state cannot continue as ordinary live metadata.",,2026-07-24
BTRFS-185,btrfs,185,create_pending_snapshot,linux-sources/linux-v6.14-fs/fs/btrfs/transaction.c,1836,"btrfs_reloc_post_snapshot(trans, pending)",1906,return ret;,pending->root_item.btrfs_set_root_stransid:ADD@1775;pending->root_item.btrfs_set_root_rtransid:ADD@1776;pending->root->state.bit:BTRFS_ROOT_FORCE_COW:SET@1801,TRUE_RESIDUAL,NO_BUG,CONTAINED_NOT_BUG,TRANSACTION_OR_FATAL_CONTAINMENT,"The mutation can remain at this function return, but the caller cancels/aborts the dirty transaction or shuts down the filesystem, so the state cannot continue as ordinary live metadata.",,2026-07-24
BTRFS-186,btrfs,186,create_pending_snapshot,linux-sources/linux-v6.14-fs/fs/btrfs/transaction.c,1852,"btrfs_qgroup_inherit(trans, btrfs_root_id(root), objectid, btrfs_root_id(parent_root), pending->inherit)",1906,return ret;,trans.btrfs_set_skip_qgroup:INC@1679;trans->fs_info.btrfs_block_rsv_add:RESERVE@1684;trans.block_rsv:SET@1697;trans.btrfs_create_qgroup:INC@1731;pending->root_item.btrfs_set_root_stransid:ADD@1775;pending->root_item.btrfs_set_root_rtransid:ADD@1776;pending->root_item.btrfs_set_root_otransid:ADD@1780;pending->root->state.bit:BTRFS_ROOT_FORCE_COW:SET@1801;pending.snap:SET@1828;trans.qgroup_account_snapshot:INC@1849;parent_root.btrfs_set_root_last_trans:ADD@1703;root.btrfs_set_root_last_trans:ADD@1749;trans.btrfs_qgroup_account_extents:INC@1849;trans.btrfs_qgroup_inherit:INC@1849;trans.btrfs_write_and_wait_transaction:ADD@1849,TRUE_RESIDUAL,NO_BUG,CONTAINED_NOT_BUG,TRANSACTION_OR_FATAL_CONTAINMENT,"The mutation can remain at this function return, but the caller cancels/aborts the dirty transaction or shuts down the filesystem, so the state cannot continue as ordinary live metadata.",,2026-07-24
BTRFS-187,btrfs,187,create_pending_snapshot,linux-sources/linux-v6.14-fs/fs/btrfs/transaction.c,1857,"btrfs_insert_dir_item(trans, &fname.disk_name, BTRFS_I(parent_inode), &key, BTRFS_FT_DIR, index)",1906,return ret;,pending->root_item.btrfs_set_root_stransid:ADD@1775;pending->root_item.btrfs_set_root_rtransid:ADD@1776;pending->root->state.bit:BTRFS_ROOT_FORCE_COW:SET@1801,TRUE_RESIDUAL,NO_BUG,CONTAINED_NOT_BUG,TRANSACTION_OR_FATAL_CONTAINMENT,"The mutation can remain at this function return, but the caller cancels/aborts the dirty transaction or shuts down the filesystem, so the state cannot continue as ordinary live metadata.",,2026-07-24
BTRFS-188,btrfs,188,create_pending_snapshot,linux-sources/linux-v6.14-fs/fs/btrfs/transaction.c,1869,"btrfs_update_inode_fallback(trans, BTRFS_I(parent_inode))",1906,return ret;,pending->root_item.btrfs_set_root_stransid:ADD@1775;pending->root_item.btrfs_set_root_rtransid:ADD@1776;pending->root->state.bit:BTRFS_ROOT_FORCE_COW:SET@1801,TRUE_RESIDUAL,NO_BUG,CONTAINED_NOT_BUG,TRANSACTION_OR_FATAL_CONTAINMENT,"The mutation can remain at this function return, but the caller cancels/aborts the dirty transaction or shuts down the filesystem, so the state cannot continue as ordinary live metadata.",,2026-07-24
BTRFS-189,btrfs,189,create_pending_snapshot,linux-sources/linux-v6.14-fs/fs/btrfs/transaction.c,1874,"btrfs_uuid_tree_add(trans, new_root_item->uuid, BTRFS_UUID_KEY_SUBVOL, objectid)",1906,return ret;,pending->root_item.btrfs_set_root_stransid:ADD@1775;pending->root_item.btrfs_set_root_rtransid:ADD@1776;pending->root->state.bit:BTRFS_ROOT_FORCE_COW:SET@1801,TRUE_RESIDUAL,NO_BUG,CONTAINED_NOT_BUG,TRANSACTION_OR_FATAL_CONTAINMENT,"The mutation can remain at this function return, but the caller cancels/aborts the dirty transaction or shuts down the filesystem, so the state cannot continue as ordinary live metadata.",,2026-07-24
BTRFS-190,btrfs,190,start_log_trans,linux-sources/linux-v6.14-fs/fs/btrfs/tree-log.c,227,"btrfs_add_log_tree(trans, root)",245,return ret;,root->fs_info->tree_root->state.bit:BTRFS_ROOT_HAS_LOG_TREE:SET@184,FALSE_POSITIVE,NO_BUG,FALSE_ALARM,PRIVATE_OR_CLEANED_STATE,"The reported effect belongs to an unpublished object, output/cursor, or temporary cache, or is removed by the reviewed error cleanup; no live metadata owner retains it.",,2026-07-24
BTRFS-191,btrfs,191,fixup_inode_link_count,linux-sources/linux-v6.14-fs/fs/btrfs/tree-log.c,1651,"replay_dir_deletes(trans, root, NULL, path, ino, 1)",1663,return ret;,BTRFS_I(inode).index_cnt:SET@1647,TRUE_RESIDUAL,NO_BUG,CONTAINED_NOT_BUG,TRANSACTION_OR_FATAL_CONTAINMENT,"The mutation can remain at this function return, but the caller cancels/aborts the dirty transaction or shuts down the filesystem, so the state cannot continue as ordinary live metadata.",,2026-07-24
BTRFS-192,btrfs,192,btrfs_sync_log,linux-sources/linux-v6.14-fs/fs/btrfs/tree-log.c,3038,"btrfs_alloc_log_tree_node(trans, log_root_tree)",3227,return ret;,root.btrfs_set_root_log_transid:ADD@3025;root->log_root.log_transid:SET@3026,TRUE_RESIDUAL,NO_BUG,CONTAINED_NOT_BUG,TRANSACTION_OR_FATAL_CONTAINMENT,"The mutation can remain at this function return, but the caller cancels/aborts the dirty transaction or shuts down the filesystem, so the state cannot continue as ordinary live metadata.",,2026-07-24
BTRFS-193,btrfs,193,btrfs_sync_log,linux-sources/linux-v6.14-fs/fs/btrfs/tree-log.c,3061,"update_log_root(trans, log, &new_root_item)",3227,return ret;,root.btrfs_set_root_log_transid:ADD@3025;root->log_root.log_transid:SET@3026;root->fs_info->log_root_tree->log_ctxs[root->fs_info->log_root_tree->log_transid % 2].list_membership:ADD@3053,TRUE_RESIDUAL,NO_BUG,CONTAINED_NOT_BUG,TRANSACTION_OR_FATAL_CONTAINMENT,"The mutation can remain at this function return, but the caller cancels/aborts the dirty transaction or shuts down the filesystem, so the state cannot continue as ordinary live metadata.",,2026-07-24
BTRFS-194,btrfs,194,btrfs_sync_log,linux-sources/linux-v6.14-fs/fs/btrfs/tree-log.c,3113,"btrfs_write_marked_extents(fs_info, &log_root_tree->dirty_log_pages, EXTENT_DIRTY | EXTENT_NEW)",3227,return ret;,root.btrfs_set_root_log_transid:ADD@3025;root->log_root.log_transid:SET@3026;root->fs_info->log_root_tree->log_ctxs[root->fs_info->log_root_tree->log_transid % 2].list_membership:ADD@3053,TRUE_RESIDUAL,NO_BUG,CONTAINED_NOT_BUG,TRANSACTION_OR_FATAL_CONTAINMENT,"The mutation can remain at this function return, but the caller cancels/aborts the dirty transaction or shuts down the filesystem, so the state cannot continue as ordinary live metadata.",,2026-07-24
BTRFS-195,btrfs,195,btrfs_sync_log,linux-sources/linux-v6.14-fs/fs/btrfs/tree-log.c,3134,"btrfs_wait_tree_log_extents(log_root_tree, EXTENT_NEW | EXTENT_DIRTY)",3227,return ret;,root.btrfs_set_root_log_transid:ADD@3025;root->log_root.log_transid:SET@3026;root->fs_info->log_root_tree->log_ctxs[root->fs_info->log_root_tree->log_transid % 2].list_membership:ADD@3053,TRUE_RESIDUAL,NO_BUG,CONTAINED_NOT_BUG,TRANSACTION_OR_FATAL_CONTAINMENT,"The mutation can remain at this function return, but the caller cancels/aborts the dirty transaction or shuts down the filesystem, so the state cannot continue as ordinary live metadata.",,2026-07-24
BTRFS-196,btrfs,196,btrfs_sync_log,linux-sources/linux-v6.14-fs/fs/btrfs/tree-log.c,3181,"write_all_supers(fs_info, 1)",3227,return ret;,root.btrfs_set_root_log_transid:ADD@3025;root->log_root.log_transid:SET@3026;root->fs_info->log_root_tree->log_ctxs[root->fs_info->log_root_tree->log_transid % 2].list_membership:ADD@3053;root->fs_info->log_root_tree.log_transid:INC@3144,TRUE_RESIDUAL,NO_BUG,CONTAINED_NOT_BUG,TRANSACTION_OR_FATAL_CONTAINMENT,"The mutation can remain at this function return, but the caller cancels/aborts the dirty transaction or shuts down the filesystem, so the state cannot continue as ordinary live metadata.",,2026-07-24
BTRFS-197,btrfs,197,log_directory_changes,linux-sources/linux-v6.14-fs/fs/btrfs/tree-log.c,4093,"update_last_dir_index_offset(inode, path, ctx)",4095,return ret;,inode.last_dir_index_offset:SET@4093,TRUE_RESIDUAL,NO_BUG,CONTAINED_NOT_BUG,TRANSACTION_OR_FATAL_CONTAINMENT,"The mutation can remain at this function return, but the caller cancels/aborts the dirty transaction or shuts down the filesystem, so the state cannot continue as ordinary live metadata.",,2026-07-24
BTRFS-198,btrfs,198,log_directory_changes,linux-sources/linux-v6.14-fs/fs/btrfs/tree-log.c,4101,"log_dir_items(trans, inode, path, dst_path, ctx, min_key, &max_key)",4104,return ret;,inode.last_dir_index_offset:SET@4093,TRUE_RESIDUAL,NO_BUG,CONTAINED_NOT_BUG,TRANSACTION_OR_FATAL_CONTAINMENT,"The mutation can remain at this function return, but the caller cancels/aborts the dirty transaction or shuts down the filesystem, so the state cannot continue as ordinary live metadata.",,2026-07-24
BTRFS-199,btrfs,199,log_extent_csums,linux-sources/linux-v6.14-fs/fs/btrfs/tree-log.c,4680,"btrfs_lookup_csums_list(csum_root, block_start + csum_offset, block_start + csum_offset + csum_len - 1, &ordered_sums, false)",4684,return ret;,ordered->flags.bit:BTRFS_ORDERED_LOGGED_CSUM:SET@4654,TRUE_RESIDUAL,NO_BUG,CONTAINED_NOT_BUG,TRANSACTION_OR_FATAL_CONTAINMENT,"The mutation can remain at this function return, but the caller cancels/aborts the dirty transaction or shuts down the filesystem, so the state cannot continue as ordinary live metadata.",,2026-07-24
BTRFS-200,btrfs,200,btrfs_log_inode,linux-sources/linux-v6.14-fs/fs/btrfs/tree-log.c,6558,"logged_inode_size(log, inode, path, &logged_isize)",6741,return ret;,inode.logged_trans:SET@6516;inode.last_dir_index_offset:SET@6516,FALSE_POSITIVE,NO_BUG,FALSE_ALARM,PRIVATE_OR_CLEANED_STATE,"The reported effect belongs to an unpublished object, output/cursor, or temporary cache, or is removed by the reviewed error cleanup; no live metadata owner retains it.",,2026-07-24
BTRFS-201,btrfs,201,btrfs_log_inode,linux-sources/linux-v6.14-fs/fs/btrfs/tree-log.c,6585,"drop_inode_items(trans, log, path, inode, max_key.type)",6741,return ret;,inode.logged_trans:SET@6516;inode.last_dir_index_offset:SET@6516,FALSE_POSITIVE,NO_BUG,FALSE_ALARM,PRIVATE_OR_CLEANED_STATE,"The reported effect belongs to an unpublished object, output/cursor, or temporary cache, or is removed by the reviewed error cleanup; no live metadata owner retains it.",,2026-07-24
BTRFS-202,btrfs,202,btrfs_log_inode,linux-sources/linux-v6.14-fs/fs/btrfs/tree-log.c,6608,"copy_inode_items_to_log(trans, inode, &min_key, &max_key, path, dst_path, logged_isize, inode_only, ctx, &need_log_inode_item)",6741,return ret;,inode.logged_trans:SET@6516;inode.last_dir_index_offset:SET@6516,FALSE_POSITIVE,NO_BUG,FALSE_ALARM,PRIVATE_OR_CLEANED_STATE,"The reported effect belongs to an unpublished object, output/cursor, or temporary cache, or is removed by the reviewed error cleanup; no live metadata owner retains it.",,2026-07-24
BTRFS-203,btrfs,203,btrfs_log_inode,linux-sources/linux-v6.14-fs/fs/btrfs/tree-log.c,6617,"btrfs_log_all_xattrs(trans, inode, path, dst_path, ctx)",6741,return ret;,inode.logged_trans:SET@6516;inode.last_dir_index_offset:SET@6516,FALSE_POSITIVE,NO_BUG,FALSE_ALARM,PRIVATE_OR_CLEANED_STATE,"The reported effect belongs to an unpublished object, output/cursor, or temporary cache, or is removed by the reviewed error cleanup; no live metadata owner retains it.",,2026-07-24
BTRFS-204,btrfs,204,btrfs_log_inode,linux-sources/linux-v6.14-fs/fs/btrfs/tree-log.c,6624,"btrfs_log_holes(trans, inode, path)",6741,return ret;,inode.logged_trans:SET@6516;inode.last_dir_index_offset:SET@6516;inode->runtime_flags.bit:BTRFS_INODE_NO_XATTRS:SET@6617,FALSE_POSITIVE,NO_BUG,FALSE_ALARM,PRIVATE_OR_CLEANED_STATE,"The reported effect belongs to an unpublished object, output/cursor, or temporary cache, or is removed by the reviewed error cleanup; no live metadata owner retains it.",,2026-07-24
BTRFS-205,btrfs,205,btrfs_log_inode,linux-sources/linux-v6.14-fs/fs/btrfs/tree-log.c,6632,"log_inode_item(trans, log, dst_path, inode, inode_item_dropped)",6741,return ret;,inode.logged_trans:SET@6516;inode.last_dir_index_offset:SET@6516;inode->runtime_flags.bit:BTRFS_INODE_NO_XATTRS:SET@6617,FALSE_POSITIVE,NO_BUG,FALSE_ALARM,PRIVATE_OR_CLEANED_STATE,"The reported effect belongs to an unpublished object, output/cursor, or temporary cache, or is removed by the reviewed error cleanup; no live metadata owner retains it.",,2026-07-24
BTRFS-206,btrfs,206,btrfs_log_inode,linux-sources/linux-v6.14-fs/fs/btrfs/tree-log.c,6644,"btrfs_log_all_xattrs(trans, inode, path, dst_path, ctx)",6741,return ret;,inode.logged_trans:SET@6516;inode.last_dir_index_offset:SET@6516;inode->runtime_flags.bit:BTRFS_INODE_NO_XATTRS:SET@6617,FALSE_POSITIVE,NO_BUG,FALSE_ALARM,PRIVATE_OR_CLEANED_STATE,"The reported effect belongs to an unpublished object, output/cursor, or temporary cache, or is removed by the reviewed error cleanup; no live metadata owner retains it.",,2026-07-24
BTRFS-207,btrfs,207,btrfs_log_inode,linux-sources/linux-v6.14-fs/fs/btrfs/tree-log.c,6651,"btrfs_log_changed_extents(trans, inode, dst_path, ctx)",6741,return ret;,inode.logged_trans:SET@6516;inode.last_dir_index_offset:SET@6516;inode->runtime_flags.bit:BTRFS_INODE_NO_XATTRS:SET@6617;inode->runtime_flags.bit:BTRFS_INODE_NO_XATTRS:SET@6644,FALSE_POSITIVE,NO_BUG,FALSE_ALARM,PRIVATE_OR_CLEANED_STATE,"The reported effect belongs to an unpublished object, output/cursor, or temporary cache, or is removed by the reviewed error cleanup; no live metadata owner retains it.",,2026-07-24
BTRFS-208,btrfs,208,btrfs_log_inode,linux-sources/linux-v6.14-fs/fs/btrfs/tree-log.c,6671,"log_delayed_deletion_items(trans, inode, path, &delayed_del_list, ctx)",6741,return ret;,inode.last_dir_index_offset:SET@6667,FALSE_POSITIVE,NO_BUG,FALSE_ALARM,PRIVATE_OR_CLEANED_STATE,"The reported effect belongs to an unpublished object, output/cursor, or temporary cache, or is removed by the reviewed error cleanup; no live metadata owner retains it.",,2026-07-24
BTRFS-209,btrfs,209,btrfs_log_inode,linux-sources/linux-v6.14-fs/fs/btrfs/tree-log.c,6671,"log_delayed_deletion_items(trans, inode, path, &delayed_del_list, ctx)",6741,return ret;,inode.last_dir_index_offset:SET@6667,FALSE_POSITIVE,NO_BUG,FALSE_ALARM,PRIVATE_OR_CLEANED_STATE,"The reported effect belongs to an unpublished object, output/cursor, or temporary cache, or is removed by the reviewed error cleanup; no live metadata owner retains it.",,2026-07-24
BTRFS-210,btrfs,210,btrfs_log_inode_parent,linux-sources/linux-v6.14-fs/fs/btrfs/tree-log.c,7101,"btrfs_log_inode(trans, inode, inode_only, ctx)",7186,return ret;,root->fs_info->tree_root->state.bit:BTRFS_ROOT_HAS_LOG_TREE:SET@7097;root.log_start_pid:SET@7097;root->state.bit:BTRFS_ROOT_HAS_LOG_TREE:SET@7097;root->log_ctxs[root->log_transid % 2].list_membership:ADD@7097,FALSE_POSITIVE,NO_BUG,FALSE_ALARM,PRIVATE_OR_CLEANED_STATE,"The reported effect belongs to an unpublished object, output/cursor, or temporary cache, or is removed by the reviewed error cleanup; no live metadata owner retains it.",,2026-07-24
BTRFS-211,btrfs,211,btrfs_tree_mod_log_insert_move,linux-sources/linux-v6.14-fs/fs/btrfs/tree-mod-log.c,345,"tree_mod_log_insert(eb->fs_info, tm)",366,return ret;,tm_list[i]->node.tree_membership:ADD@340,FALSE_POSITIVE,NO_BUG,FALSE_ALARM,PRIVATE_OR_CLEANED_STATE,"The reported effect belongs to an unpublished object, output/cursor, or temporary cache, or is removed by the reviewed error cleanup; no live metadata owner retains it.",,2026-07-24
BTRFS-212,btrfs,212,btrfs_tree_mod_log_eb_copy,linux-sources/linux-v6.14-fs/fs/btrfs/tree-mod-log.c,630,"tree_mod_log_insert(fs_info, tm_list_rem[i])",666,return ret;,dst_move_tm->node.tree_membership:ADD@625,FALSE_POSITIVE,NO_BUG,FALSE_ALARM,PRIVATE_OR_CLEANED_STATE,"The reported effect belongs to an unpublished object, output/cursor, or temporary cache, or is removed by the reviewed error cleanup; no live metadata owner retains it.",,2026-07-24
BTRFS-213,btrfs,213,btrfs_tree_mod_log_eb_copy,linux-sources/linux-v6.14-fs/fs/btrfs/tree-mod-log.c,633,"tree_mod_log_insert(fs_info, tm_list_add[i])",666,return ret;,dst_move_tm->node.tree_membership:ADD@625;tm_list_rem[i]->node.tree_membership:ADD@630,FALSE_POSITIVE,NO_BUG,FALSE_ALARM,PRIVATE_OR_CLEANED_STATE,"The reported effect belongs to an unpublished object, output/cursor, or temporary cache, or is removed by the reviewed error cleanup; no live metadata owner retains it.",,2026-07-24
BTRFS-214,btrfs,214,btrfs_tree_mod_log_eb_copy,linux-sources/linux-v6.14-fs/fs/btrfs/tree-mod-log.c,638,"tree_mod_log_insert(fs_info, src_move_tm)",666,return ret;,dst_move_tm->node.tree_membership:ADD@625;tm_list_rem[i]->node.tree_membership:ADD@630;tm_list_add[i]->node.tree_membership:ADD@633,FALSE_POSITIVE,NO_BUG,FALSE_ALARM,PRIVATE_OR_CLEANED_STATE,"The reported effect belongs to an unpublished object, output/cursor, or temporary cache, or is removed by the reviewed error cleanup; no live metadata owner retains it.",,2026-07-24
BTRFS-215,btrfs,215,btrfs_create_uuid_tree,linux-sources/linux-v6.14-fs/fs/btrfs/uuid-tree.c,555,btrfs_commit_transaction(trans),557,return ret;,fs_info.uuid_root:SET@553,TRUE_RESIDUAL,NO_BUG,CONTAINED_NOT_BUG,FAILED_UUID_TREE_COMMIT,"uuid_root is assigned before commit, but commit failure aborts the filesystem transaction; initial mount tears down the object and an RO-to-RW remount cannot continue writable after the filesystem error.",,2026-07-24
BTRFS-216,btrfs,216,btrfs_create_uuid_tree,linux-sources/linux-v6.14-fs/fs/btrfs/uuid-tree.c,560,"kthread_run(btrfs_uuid_scan_kthread, fs_info, ""btrfs-uuid"")",565,return PTR_ERR(task);,fs_info.uuid_root:SET@553;trans.btrfs_commit_transaction:ADD@555,TRUE_RESIDUAL,NEEDS_REPRO,LIKELY_ISSUE,UUID_TREE_PUBLISHED_WITHOUT_SCAN,"After a successful tree commit, kthread_run failure leaves uuid_root published.  On an RO-to-RW remount, the next retry skips create_uuid_tree and lacks open_ctree's generation-mismatch rescan path, so an empty/incomplete UUID tree may become live.",,2026-07-24
BTRFS-217,btrfs,217,device_list_add,linux-sources/linux-v6.14-fs/fs/btrfs/volumes.c,938,"btrfs_alloc_device(NULL, &devid, disk_super->dev_item.uuid, path)",944,return device;,fs_uuids.list_membership:ADD@904,FALSE_POSITIVE,NO_BUG,FALSE_ALARM,INTENTIONAL_FS_DEVICES_CACHE,The source explicitly documents that the fs_devices entry can safely remain cached when device allocation fails; it is neither a mounted topology entry nor leaked live device state.,,2026-07-24
BTRFS-218,btrfs,218,btrfs_init_new_device,linux-sources/linux-v6.14-fs/fs/btrfs/volumes.c,2835,"lookup_bdev(device_path, &device->devt)",3018,return ret;,device.fs_info:SET@2832;device.bdev_file:SET@2833;device.bdev:SET@2834,FALSE_POSITIVE,NO_BUG,FALSE_ALARM,PRIVATE_OR_CLEANED_STATE,"The reported effect belongs to an unpublished object, output/cursor, or temporary cache, or is removed by the reviewed error cleanup; no live metadata owner retains it.",,2026-07-24
BTRFS-219,btrfs,219,btrfs_init_new_device,linux-sources/linux-v6.14-fs/fs/btrfs/volumes.c,2839,"btrfs_get_dev_zone_info(device, false)",3018,return ret;,device.fs_info:SET@2832;device.bdev_file:SET@2833;device.bdev:SET@2834,FALSE_POSITIVE,NO_BUG,FALSE_ALARM,PRIVATE_OR_CLEANED_STATE,"The reported effect belongs to an unpublished object, output/cursor, or temporary cache, or is removed by the reviewed error cleanup; no live metadata owner retains it.",,2026-07-24
BTRFS-220,btrfs,220,btrfs_init_new_device,linux-sources/linux-v6.14-fs/fs/btrfs/volumes.c,2948,btrfs_commit_transaction(trans),2956,return ret;,device.fs_info:SET@2832;device.bdev_file:SET@2833;device.bdev:SET@2834;device->dev_state.bit:BTRFS_DEV_STATE_WRITEABLE:SET@2849;device.generation:SET@2850;device.io_width:SET@2851;device.io_align:SET@2852;device.sector_size:SET@2853;device.total_bytes:SET@2854;device.disk_total_bytes:SET@2856;device.commit_total_bytes:SET@2857;device->dev_state.bit:BTRFS_DEV_STATE_IN_FS_METADATA:SET@2858;device.dev_stats_valid:SET@2860;device.fs_devices:SET@2880;fs_info->fs_devices->alloc_list.list_membership:ADD@2884;fs_info->fs_devices.num_devices:INC@2885;fs_info->fs_devices.open_devices:INC@2886;fs_info->fs_devices.rw_devices:INC@2887;fs_info->fs_devices.total_devices:INC@2888;fs_info->fs_devices.total_rw_bytes:INC@2889;fs_info->fs_devices->seed_list.list_membership:ADD@2875;fs_info->fs_devices->latest_dev->fs_info->sb.s_bdev:SET@2876;fs_info->fs_devices->latest_dev->fs_info->fs_devices.latest_dev:SET@2876;trans.btrfs_reserve_chunk_metadata:RESERVE@2928;trans.btrfs_reserve_chunk_metadata:RESERVE@2935,TRUE_RESIDUAL,CONFIRMED,TRUE_ISSUE,FAILED_SPROUT_DEVICE_ROLLBACK,"Commit failure occurs after the sprout device and fs_devices topology/accounting were published; the error path misses post_commit_list detachment, active pointer restoration, and full sprout state rollback.",confirmed bugs #16-#18,2026-07-24
BTRFS-221,btrfs,221,btrfs_chunk_alloc_add_chunk_item,linux-sources/linux-v6.14-fs/fs/btrfs/volumes.c,5804,"btrfs_add_system_chunk(fs_info, &key, chunk, item_size)",5812,return ret;,bg->runtime_flags.bit:BLOCK_GROUP_FLAG_CHUNK_ITEM_INSERTED:SET@5801,TRUE_RESIDUAL,NO_BUG,CONTAINED_NOT_BUG,ABORTED_CHUNK_TRANSACTION,CHUNK_ITEM_INSERTED is set after the transaction item insertion and before system-chunk serialization; failure aborts the transaction and abort cleanup drains the pending new block group.,,2026-07-24
BTRFS-222,btrfs,222,btrfs_map_block,linux-sources/linux-v6.14-fs/fs/btrfs/volumes.c,6796,"set_io_stripe(fs_info, logical, length, &bioc->stripes[i], map, &io_geom)",6830,return ret;,&bioc->stripes[i].dev:SET@6796,FALSE_POSITIVE,NO_BUG,FALSE_ALARM,PRIVATE_OR_CLEANED_STATE,"The reported effect belongs to an unpublished object, output/cursor, or temporary cache, or is removed by the reviewed error cleanup; no live metadata owner retains it.",,2026-07-24
BTRFS-223,btrfs,223,btrfs_map_block,linux-sources/linux-v6.14-fs/fs/btrfs/volumes.c,6796,"set_io_stripe(fs_info, logical, length, &bioc->stripes[i], map, &io_geom)",6830,return ret;,dst.dev:SET@6784;&bioc->stripes[i].dev:SET@6796,FALSE_POSITIVE,NO_BUG,FALSE_ALARM,PRIVATE_OR_CLEANED_STATE,"The reported effect belongs to an unpublished object, output/cursor, or temporary cache, or is removed by the reviewed error cleanup; no live metadata owner retains it.",,2026-07-24
BTRFS-224,btrfs,224,btrfs_init_dev_stats,linux-sources/linux-v6.14-fs/fs/btrfs/volumes.c,7721,"btrfs_device_init_dev_stats(device, path)",7736,return ret;,device.dev_stats_valid:SET@7721,FALSE_POSITIVE,NO_BUG,FALSE_ALARM,PRIVATE_OR_CLEANED_STATE,"The reported effect belongs to an unpublished object, output/cursor, or temporary cache, or is removed by the reviewed error cleanup; no live metadata owner retains it.",,2026-07-24
BTRFS-225,btrfs,225,btrfs_init_dev_stats,linux-sources/linux-v6.14-fs/fs/btrfs/volumes.c,7727,"btrfs_device_init_dev_stats(device, path)",7736,return ret;,device.dev_stats_valid:SET@7721;device.dev_stats_valid:SET@7727,FALSE_POSITIVE,NO_BUG,FALSE_ALARM,PRIVATE_OR_CLEANED_STATE,"The reported effect belongs to an unpublished object, output/cursor, or temporary cache, or is removed by the reviewed error cleanup; no live metadata owner retains it.",,2026-07-24
BTRFS-226,btrfs,226,btrfs_setxattr_trans,linux-sources/linux-v6.14-fs/fs/btrfs/xattr.c,266,"btrfs_update_inode(trans, BTRFS_I(inode))",272,return ret;,BTRFS_I(inode)->runtime_flags.bit:BTRFS_INODE_COPY_EVERYTHING:SET@260,TRUE_RESIDUAL,NO_BUG,CONTAINED_NOT_BUG,TRANSACTION_OR_FATAL_CONTAINMENT,"The mutation can remain at this function return, but the caller cancels/aborts the dirty transaction or shuts down the filesystem, so the state cannot continue as ordinary live metadata.",,2026-07-24
BTRFS-227,btrfs,227,btrfs_get_dev_zone_info,linux-sources/linux-v6.14-fs/fs/btrfs/zoned.c,533,"btrfs_get_dev_zones(device, zone_start_physical(sb_zone, zone_info), &zone_info->sb_zones[sb_pos], &nr_zones)",588,return ret;,zone_info->seq_zones.bit:nreported:SET@482;zone_info->empty_zones.bit:nreported:SET@485;zone_info->active_zones.bit:nreported:SET@490;device->fs_info->flags.bit:BTRFS_FS_ACTIVE_ZONE_TRACKING:SET@519,FALSE_POSITIVE,NO_BUG,FALSE_ALARM,ZONE_INFO_ERROR_CLEANUP,btrfs_get_dev_zone_info() frees zone_info and clears device->zone_info on every reviewed error path.,,2026-07-24
BTRFS-228,btrfs,228,btrfs_check_zoned_mode,linux-sources/linux-v6.14-fs/fs/btrfs/zoned.c,759,"btrfs_check_mountopts_zoned(fs_info, &fs_info->mount_opt)",761,return ret;,fs_info->fs_devices.chunk_alloc_policy:SET@750;fs_info.max_extent_size:SET@752,FALSE_POSITIVE,NO_BUG,FALSE_ALARM,PRIVATE_OR_CLEANED_STATE,"The reported effect belongs to an unpublished object, output/cursor, or temporary cache, or is removed by the reviewed error cleanup; no live metadata owner retains it.",,2026-07-24
BTRFS-229,btrfs,229,btrfs_advance_sb_log,linux-sources/linux-v6.14-fs/fs/btrfs/zoned.c,977,"blkdev_zone_mgmt(device->bdev, REQ_OP_ZONE_FINISH, zone->start, zone->len)",982,return ret;,device->zone_info->sb_zones[BTRFS_NR_SB_LOG_ZONES * mirror].cond:SET@959;device->zone_info->sb_zones[BTRFS_NR_SB_LOG_ZONES * mirror].wp:INC@961,FALSE_POSITIVE,NO_BUG,FALSE_ALARM,SUBMITTED_IO_WRITE_POINTER_PROGRESS,The superblock bio is submitted before this call.  wp/condition must retain that submitted write even if the optional ZONE_FINISH command fails; rolling them back would reuse the wrong write location.,,2026-07-24
BTRFS-230,btrfs,230,btrfs_load_zone_info,linux-sources/linux-v6.14-fs/fs/btrfs/zoned.c,1323,"btrfs_get_dev_zone(device, info->physical, &zone)",1328,return ret;,active.bit:zone_idx:SET@1302,FALSE_POSITIVE,NO_BUG,FALSE_ALARM,PRIVATE_OR_CLEANED_STATE,"The reported effect belongs to an unpublished object, output/cursor, or temporary cache, or is removed by the reviewed error cleanup; no live metadata owner retains it.",,2026-07-24
BTRFS-231,btrfs,231,btrfs_load_block_group_zone_info,linux-sources/linux-v6.14-fs/fs/btrfs/zoned.c,1607,"calculate_alloc_pointer(cache, &last_alloc, new)",1672,return -EINVAL;,cache->runtime_flags.bit:BLOCK_GROUP_FLAG_SEQUENTIAL_ZONE:SET@1602;active.bit:i:SET@1591;&zone_info[i].alloc_offset:SET@1591,FALSE_POSITIVE,NO_BUG,FALSE_ALARM,BLOCK_GROUP_ZONE_INFO_TEARDOWN,calculate_alloc_pointer failure frees physical_map and the temporary bitmap/zone arrays; the caller then drops the unpublished block-group cache.  The earlier suspected leak/residual does not survive.,,2026-07-24
EXT4-001,ext4,1,ext4_fname_setup_filename,linux-sources/linux-v6.14-fs/fs/ext4/crypto.c,34,"ext4_fname_setup_ci_filename(dir, iname, fname)",38,return err;,fname.disk_name:SET@32,FALSE_POSITIVE,NO_BUG,FALSE_ALARM,PRIVATE_OR_CLEANED_STATE,"The reported effect belongs to an unpublished object, output/cursor, or temporary cache, or is removed by the reviewed error cleanup; no live metadata owner retains it.",,2026-07-24
EXT4-002,ext4,2,ext4_fname_prepare_lookup,linux-sources/linux-v6.14-fs/fs/ext4/crypto.c,53,"ext4_fname_setup_ci_filename(dir, &dentry->d_name, fname)",56,return err;,fname.disk_name:SET@51,FALSE_POSITIVE,NO_BUG,FALSE_ALARM,PRIVATE_OR_CLEANED_STATE,"The reported effect belongs to an unpublished object, output/cursor, or temporary cache, or is removed by the reviewed error cleanup; no live metadata owner retains it.",,2026-07-24
EXT4-003,ext4,3,ext4_ext_split,linux-sources/linux-v6.14-fs/fs/ext4/extents.c,1258,"ext4_handle_dirty_metadata(handle, inode, bh)",1300,return err;,handle.ext4_journal_get_create_access:ADD@1133;handle.ext4_journal_get_create_access:ADD@1212;fidx.ei_block:SET@1224;handle.ext4_journal_get_write_access:ADD@1180,FALSE_POSITIVE,NO_BUG,FALSE_ALARM,PRIVATE_OR_CLEANED_STATE,"The reported effect belongs to an unpublished object, output/cursor, or temporary cache, or is removed by the reviewed error cleanup; no live metadata owner retains it.",,2026-07-24
EXT4-004,ext4,4,ext4_ext_split,linux-sources/linux-v6.14-fs/fs/ext4/extents.c,1266,"ext4_ext_get_access(handle, inode, path + i)",1300,return err;,handle.ext4_journal_get_create_access:ADD@1133;handle.ext4_journal_get_create_access:ADD@1212;fidx.ei_block:SET@1224;handle.ext4_journal_get_write_access:ADD@1180;handle.ext4_journal_get_write_access:ADD@1266,FALSE_POSITIVE,NO_BUG,FALSE_ALARM,PRIVATE_OR_CLEANED_STATE,"The reported effect belongs to an unpublished object, output/cursor, or temporary cache, or is removed by the reviewed error cleanup; no live metadata owner retains it.",,2026-07-24
EXT4-005,ext4,5,ext4_ext_split,linux-sources/linux-v6.14-fs/fs/ext4/extents.c,1270,"ext4_ext_dirty(handle, inode, path + i)",1300,return err;,handle.ext4_journal_get_create_access:ADD@1133;handle.ext4_journal_get_create_access:ADD@1212;fidx.ei_block:SET@1224;handle.ext4_journal_get_write_access:ADD@1180;handle.ext4_journal_get_write_access:ADD@1266,FALSE_POSITIVE,NO_BUG,FALSE_ALARM,PRIVATE_OR_CLEANED_STATE,"The reported effect belongs to an unpublished object, output/cursor, or temporary cache, or is removed by the reviewed error cleanup; no live metadata owner retains it.",,2026-07-24
EXT4-006,ext4,6,ext4_ext_split,linux-sources/linux-v6.14-fs/fs/ext4/extents.c,1279,"ext4_ext_insert_index(handle, inode, path + at, le32_to_cpu(border), newblock)",1300,return err;,handle.ext4_journal_get_create_access:ADD@1133;handle.ext4_journal_get_create_access:ADD@1212;fidx.ei_block:SET@1224;handle.ext4_journal_get_write_access:ADD@1180;handle.ext4_journal_get_write_access:ADD@1266,FALSE_POSITIVE,NO_BUG,FALSE_ALARM,PRIVATE_OR_CLEANED_STATE,"The reported effect belongs to an unpublished object, output/cursor, or temporary cache, or is removed by the reviewed error cleanup; no live metadata owner retains it.",,2026-07-24
EXT4-007,ext4,7,ext4_ext_insert_extent,linux-sources/linux-v6.14-fs/fs/ext4/extents.c,2186,"ext4_ext_correct_indexes(handle, inode, path)",2198,return ERR_PTR(err);,ex.ee_block:SET@2065;nearex.ee_block:SET@2176;handle.ext4_journal_get_write_access:ADD@2034;handle.ext4_journal_get_write_access:ADD@2059;handle.ext4_journal_get_write_access:ADD@2125,FALSE_POSITIVE,NO_BUG,FALSE_ALARM,PRIVATE_OR_CLEANED_STATE,"The reported effect belongs to an unpublished object, output/cursor, or temporary cache, or is removed by the reviewed error cleanup; no live metadata owner retains it.",,2026-07-24
EXT4-008,ext4,8,ext4_ext_insert_extent,linux-sources/linux-v6.14-fs/fs/ext4/extents.c,2190,"ext4_ext_dirty(handle, inode, path + path->p_depth)",2198,return ERR_PTR(err);,ex.ee_block:SET@2065;nearex.ee_block:SET@2176;handle.ext4_journal_get_write_access:ADD@2034;handle.ext4_journal_get_write_access:ADD@2059;handle.ext4_journal_get_write_access:ADD@2125,FALSE_POSITIVE,NO_BUG,FALSE_ALARM,PRIVATE_OR_CLEANED_STATE,"The reported effect belongs to an unpublished object, output/cursor, or temporary cache, or is removed by the reviewed error cleanup; no live metadata owner retains it.",,2026-07-24
EXT4-009,ext4,9,ext4_ext_convert_to_initialized,linux-sources/linux-v6.14-fs/fs/ext4/extents.c,3589,"ext4_ext_dirty(handle, inode, path + depth)",3673,return ERR_PTR(err);,ex.ee_block:SET@3529;abut_ex.ee_block:SET@3575;handle.ext4_journal_get_write_access:ADD@3521;handle.ext4_journal_get_write_access:ADD@3567,FALSE_POSITIVE,NO_BUG,FALSE_ALARM,PRIVATE_OR_CLEANED_STATE,"The reported effect belongs to an unpublished object, output/cursor, or temporary cache, or is removed by the reviewed error cleanup; no live metadata owner retains it.",,2026-07-24
EXT4-010,ext4,10,ext4_ext_convert_to_initialized,linux-sources/linux-v6.14-fs/fs/ext4/extents.c,3661,"ext4_split_extent(handle, inode, path, &split_map, split_flag, flags, NULL)",3664,return path;,ex.ee_block:SET@3529;abut_ex.ee_block:SET@3575;handle.ext4_journal_get_write_access:ADD@3521;handle.ext4_journal_get_write_access:ADD@3567,FALSE_POSITIVE,NO_BUG,FALSE_ALARM,PRIVATE_OR_CLEANED_STATE,"The reported effect belongs to an unpublished object, output/cursor, or temporary cache, or is removed by the reviewed error cleanup; no live metadata owner retains it.",,2026-07-24
EXT4-011,ext4,11,ext4_ext_truncate,linux-sources/linux-v6.14-fs/fs/ext4/extents.c,4457,"ext4_mark_inode_dirty(handle, inode)",4459,return err;,EXT4_I(inode).i_disksize:SET@4456,FALSE_POSITIVE,NO_BUG,FALSE_ALARM,PRIVATE_OR_CLEANED_STATE,"The reported effect belongs to an unpublished object, output/cursor, or temporary cache, or is removed by the reviewed error cleanup; no live metadata owner retains it.",,2026-07-24
EXT4-012,ext4,12,ext4_insert_range,linux-sources/linux-v6.14-fs/fs/ext4/extents.c,5558,"ext4_mark_inode_dirty(handle, inode)",5623,return ret;,inode.ext4_writepage_trans_blocks:ADD@5546;inode.i_size:INC@5555;EXT4_I(inode).i_disksize:INC@5556,FALSE_POSITIVE,NO_BUG,FALSE_ALARM,PRIVATE_OR_CLEANED_STATE,"The reported effect belongs to an unpublished object, output/cursor, or temporary cache, or is removed by the reviewed error cleanup; no live metadata owner retains it.",,2026-07-24
EXT4-013,ext4,13,ext4_fc_replay_scan,linux-sources/linux-v6.14-fs/fs/ext4/fast_commit.c,2093,"ext4_fc_record_regions(sb, le32_to_cpu(ext.fc_ino), le32_to_cpu(ex->ee_block), ext4_ext_pblock(ex), ext4_ext_get_actual_len(ex), 0)",2154,return ret;,sbi->s_fc_replay_state.fc_regions_valid:SET@2063;sbi->s_fc_replay_state.fc_regions_used:SET@2063;sbi->s_fc_replay_state.fc_replay_expected_off:INC@2076,FALSE_POSITIVE,NO_BUG,FALSE_ALARM,PRIVATE_OR_CLEANED_STATE,"The reported effect belongs to an unpublished object, output/cursor, or temporary cache, or is removed by the reviewed error cleanup; no live metadata owner retains it.",,2026-07-24
EXT4-014,ext4,14,ext4_fc_replay,linux-sources/linux-v6.14-fs/fs/ext4/fast_commit.c,2227,"ext4_fc_replay_inode(sb, &tl, val)",2250,return ret;,sbi->s_fc_replay_state.fc_current_pass:SET@2178;journal->j_private.ext4_fc_replay_link:ADD@2212;journal->j_private.ext4_fc_replay_unlink:ADD@2215;journal->j_private.ext4_fc_replay_create:ADD@2221,FALSE_POSITIVE,NO_BUG,FALSE_ALARM,PRIVATE_OR_CLEANED_STATE,"The reported effect belongs to an unpublished object, output/cursor, or temporary cache, or is removed by the reviewed error cleanup; no live metadata owner retains it.",,2026-07-24
EXT4-015,ext4,15,ext4_getfsmap_find_sb,linux-sources/linux-v6.14-fs/fs/ext4/fsmap.c,387,"ext4_getfsmap_fill(meta_list, fsb, len, EXT4_FMR_OWN_GDT)",390,return error;,meta_list.list_membership:ADD@377,FALSE_POSITIVE,NO_BUG,FALSE_ALARM,PRIVATE_OR_CLEANED_STATE,"The reported effect belongs to an unpublished object, output/cursor, or temporary cache, or is removed by the reviewed error cleanup; no live metadata owner retains it.",,2026-07-24
EXT4-016,ext4,16,ext4_getfsmap_find_sb,linux-sources/linux-v6.14-fs/fs/ext4/fsmap.c,396,"ext4_getfsmap_fill(meta_list, fsb, len, EXT4_FMR_OWN_RESV_GDT)",399,return error;,meta_list.list_membership:ADD@377;meta_list.list_membership:ADD@387,FALSE_POSITIVE,NO_BUG,FALSE_ALARM,PRIVATE_OR_CLEANED_STATE,"The reported effect belongs to an unpublished object, output/cursor, or temporary cache, or is removed by the reviewed error cleanup; no live metadata owner retains it.",,2026-07-24
EXT4-017,ext4,17,__ext4_new_inode,linux-sources/linux-v6.14-fs/fs/ext4/ialloc.c,987,"fscrypt_prepare_new_inode(dir, inode, &encrypt)",1360,return ERR_PTR(err);,inode.i_mode:SET@970;inode.i_mode:SET@974;inode.i_gid:SET@976,FALSE_POSITIVE,NO_BUG,FALSE_ALARM,PRIVATE_OR_CLEANED_STATE,"The reported effect belongs to an unpublished object, output/cursor, or temporary cache, or is removed by the reviewed error cleanup; no live metadata owner retains it.",,2026-07-24
EXT4-018,ext4,18,__ext4_new_inode,linux-sources/linux-v6.14-fs/fs/ext4/ialloc.c,992,dquot_initialize(inode),1360,return ERR_PTR(err);,inode.i_mode:SET@970;inode.i_mode:SET@974;inode.i_gid:SET@976,FALSE_POSITIVE,NO_BUG,FALSE_ALARM,PRIVATE_OR_CLEANED_STATE,"The reported effect belongs to an unpublished object, output/cursor, or temporary cache, or is removed by the reviewed error cleanup; no live metadata owner retains it.",,2026-07-24
EXT4-019,ext4,19,__ext4_new_inode,linux-sources/linux-v6.14-fs/fs/ext4/ialloc.c,1079,"__ext4_journal_start_sb(NULL, dir->i_sb, line_no, handle_type, nblocks, 0, ext4_trans_default_revoke_credits(sb))",1360,return ERR_PTR(err);,inode.i_mode:SET@970;inode.i_mode:SET@974;inode.i_gid:SET@976;inode.dquot_initialize:INC@992;EXT4_I(dir).i_last_alloc_group:SET@1021,FALSE_POSITIVE,NO_BUG,FALSE_ALARM,PRIVATE_OR_CLEANED_STATE,"The reported effect belongs to an unpublished object, output/cursor, or temporary cache, or is removed by the reviewed error cleanup; no live metadata owner retains it.",,2026-07-24
EXT4-020,ext4,20,__ext4_new_inode,linux-sources/linux-v6.14-fs/fs/ext4/ialloc.c,1089,"ext4_journal_get_write_access(handle, sb, inode_bitmap_bh, EXT4_JTR_NONE)",1360,return ERR_PTR(err);,inode.i_mode:SET@970;inode.i_mode:SET@974;inode.i_gid:SET@976;inode.dquot_initialize:INC@992;EXT4_I(dir).i_last_alloc_group:SET@1021;dir->i_sb.ext4_trans_default_revoke_credits:ADD@1081,FALSE_POSITIVE,NO_BUG,FALSE_ALARM,PRIVATE_OR_CLEANED_STATE,"The reported effect belongs to an unpublished object, output/cursor, or temporary cache, or is removed by the reviewed error cleanup; no live metadata owner retains it.",,2026-07-24
EXT4-021,ext4,21,__ext4_new_inode,linux-sources/linux-v6.14-fs/fs/ext4/ialloc.c,1096,"ext4_test_and_set_bit(ino, inode_bitmap_bh->b_data)",1360,return ERR_PTR(err);,inode.i_mode:SET@970;inode.i_mode:SET@974;inode.i_gid:SET@976;inode.dquot_initialize:INC@992;EXT4_I(dir).i_last_alloc_group:SET@1021;dir->i_sb.ext4_trans_default_revoke_credits:ADD@1081;handle.ext4_journal_get_write_access:ADD@1089,FALSE_POSITIVE,NO_BUG,FALSE_ALARM,PRIVATE_OR_CLEANED_STATE,"The reported effect belongs to an unpublished object, output/cursor, or temporary cache, or is removed by the reviewed error cleanup; no live metadata owner retains it.",,2026-07-24
EXT4-022,ext4,22,__ext4_new_inode,linux-sources/linux-v6.14-fs/fs/ext4/ialloc.c,1101,"find_inode_bit(sb, group, inode_bitmap_bh, &ino)",1360,return ERR_PTR(err);,inode.i_mode:SET@970;inode.i_mode:SET@974;inode.i_gid:SET@976;inode.dquot_initialize:INC@992;EXT4_I(dir).i_last_alloc_group:SET@1021;dir->i_sb.ext4_trans_default_revoke_credits:ADD@1081;handle.ext4_journal_get_write_access:ADD@1089,FALSE_POSITIVE,NO_BUG,FALSE_ALARM,PRIVATE_OR_CLEANED_STATE,"The reported effect belongs to an unpublished object, output/cursor, or temporary cache, or is removed by the reviewed error cleanup; no live metadata owner retains it.",,2026-07-24
EXT4-023,ext4,23,__ext4_new_inode,linux-sources/linux-v6.14-fs/fs/ext4/ialloc.c,1123,"ext4_handle_dirty_metadata(handle, NULL, inode_bitmap_bh)",1360,return ERR_PTR(err);,inode.i_mode:SET@970;inode.i_mode:SET@974;inode.i_gid:SET@976;inode.dquot_initialize:INC@992;EXT4_I(dir).i_last_alloc_group:SET@1021;dir->i_sb.ext4_trans_default_revoke_credits:ADD@1081;handle.ext4_journal_get_write_access:ADD@1089,FALSE_POSITIVE,NO_BUG,FALSE_ALARM,PRIVATE_OR_CLEANED_STATE,"The reported effect belongs to an unpublished object, output/cursor, or temporary cache, or is removed by the reviewed error cleanup; no live metadata owner retains it.",,2026-07-24
EXT4-024,ext4,24,__ext4_new_inode,linux-sources/linux-v6.14-fs/fs/ext4/ialloc.c,1130,"ext4_journal_get_write_access(handle, sb, group_desc_bh, EXT4_JTR_NONE)",1360,return ERR_PTR(err);,inode.i_mode:SET@970;inode.i_mode:SET@974;inode.i_gid:SET@976;inode.dquot_initialize:INC@992;EXT4_I(dir).i_last_alloc_group:SET@1021;dir->i_sb.ext4_trans_default_revoke_credits:ADD@1081;handle.ext4_journal_get_write_access:ADD@1089,FALSE_POSITIVE,NO_BUG,FALSE_ALARM,PRIVATE_OR_CLEANED_STATE,"The reported effect belongs to an unpublished object, output/cursor, or temporary cache, or is removed by the reviewed error cleanup; no live metadata owner retains it.",,2026-07-24
EXT4-025,ext4,25,__ext4_new_inode,linux-sources/linux-v6.14-fs/fs/ext4/ialloc.c,1142,"ext4_read_block_bitmap(sb, group)",1360,return ERR_PTR(err);,inode.i_mode:SET@970;inode.i_mode:SET@974;inode.i_gid:SET@976;inode.dquot_initialize:INC@992;EXT4_I(dir).i_last_alloc_group:SET@1021;dir->i_sb.ext4_trans_default_revoke_credits:ADD@1081;handle.ext4_journal_get_write_access:ADD@1089;handle.ext4_journal_get_write_access:ADD@1130,FALSE_POSITIVE,NO_BUG,FALSE_ALARM,PRIVATE_OR_CLEANED_STATE,"The reported effect belongs to an unpublished object, output/cursor, or temporary cache, or is removed by the reviewed error cleanup; no live metadata owner retains it.",,2026-07-24
EXT4-026,ext4,26,__ext4_new_inode,linux-sources/linux-v6.14-fs/fs/ext4/ialloc.c,1148,"ext4_journal_get_write_access(handle, sb, block_bitmap_bh, EXT4_JTR_NONE)",1360,return ERR_PTR(err);,inode.i_mode:SET@970;inode.i_mode:SET@974;inode.i_gid:SET@976;inode.dquot_initialize:INC@992;EXT4_I(dir).i_last_alloc_group:SET@1021;dir->i_sb.ext4_trans_default_revoke_credits:ADD@1081;handle.ext4_journal_get_write_access:ADD@1089;handle.ext4_journal_get_write_access:ADD@1130,FALSE_POSITIVE,NO_BUG,FALSE_ALARM,PRIVATE_OR_CLEANED_STATE,"The reported effect belongs to an unpublished object, output/cursor, or temporary cache, or is removed by the reviewed error cleanup; no live metadata owner retains it.",,2026-07-24
EXT4-027,ext4,27,__ext4_new_inode,linux-sources/linux-v6.14-fs/fs/ext4/ialloc.c,1157,"ext4_handle_dirty_metadata(handle, NULL, block_bitmap_bh)",1360,return ERR_PTR(err);,inode.i_mode:SET@970;inode.i_mode:SET@974;inode.i_gid:SET@976;inode.dquot_initialize:INC@992;EXT4_I(dir).i_last_alloc_group:SET@1021;dir->i_sb.ext4_trans_default_revoke_credits:ADD@1081;handle.ext4_journal_get_write_access:ADD@1089;handle.ext4_journal_get_write_access:ADD@1130;handle.ext4_journal_get_write_access:ADD@1148,FALSE_POSITIVE,NO_BUG,FALSE_ALARM,PRIVATE_OR_CLEANED_STATE,"The reported effect belongs to an unpublished object, output/cursor, or temporary cache, or is removed by the reviewed error cleanup; no live metadata owner retains it.",,2026-07-24
EXT4-028,ext4,28,__ext4_new_inode,linux-sources/linux-v6.14-fs/fs/ext4/ialloc.c,1232,"ext4_handle_dirty_metadata(handle, NULL, group_desc_bh)",1360,return ERR_PTR(err);,inode.i_mode:SET@970;inode.i_mode:SET@974;inode.i_gid:SET@976;inode.dquot_initialize:INC@992;EXT4_I(dir).i_last_alloc_group:SET@1021;dir->i_sb.ext4_trans_default_revoke_credits:ADD@1081;handle.ext4_journal_get_write_access:ADD@1089;handle.ext4_journal_get_write_access:ADD@1130;handle.ext4_journal_get_write_access:ADD@1148,FALSE_POSITIVE,NO_BUG,FALSE_ALARM,PRIVATE_OR_CLEANED_STATE,"The reported effect belongs to an unpublished object, output/cursor, or temporary cache, or is removed by the reviewed error cleanup; no live metadata owner retains it.",,2026-07-24
EXT4-029,ext4,29,__ext4_new_inode,linux-sources/linux-v6.14-fs/fs/ext4/ialloc.c,1270,insert_inode_locked(inode),1360,return ERR_PTR(err);,inode.i_mode:SET@970;inode.i_mode:SET@974;inode.i_gid:SET@976;inode.dquot_initialize:INC@992;EXT4_I(dir).i_last_alloc_group:SET@1021;dir->i_sb.ext4_trans_default_revoke_credits:ADD@1081;handle.ext4_journal_get_write_access:ADD@1089;handle.ext4_journal_get_write_access:ADD@1130;handle.ext4_journal_get_write_access:ADD@1148;inode.i_ino:SET@1248;ei.i_block_group:SET@1264;ei.i_last_alloc_group:SET@1265,FALSE_POSITIVE,NO_BUG,FALSE_ALARM,PRIVATE_OR_CLEANED_STATE,"The reported effect belongs to an unpublished object, output/cursor, or temporary cache, or is removed by the reviewed error cleanup; no live metadata owner retains it.",,2026-07-24
EXT4-030,ext4,30,ext4_finish_convert_inline_dir,linux-sources/linux-v6.14-fs/fs/ext4/inline.c,1164,"ext4_handle_dirty_dirblock(handle, inode, dir_block)",1166,return err;,inode.i_size:SET@1152;EXT4_I(inode).i_disksize:SET@1154,FALSE_POSITIVE,NO_BUG,FALSE_ALARM,PRIVATE_OR_CLEANED_STATE,"The reported effect belongs to an unpublished object, output/cursor, or temporary cache, or is removed by the reviewed error cleanup; no live metadata owner retains it.",,2026-07-24
EXT4-031,ext4,31,ext4_inline_data_truncate,linux-sources/linux-v6.14-fs/fs/ext4/inline.c,1987,"ext4_xattr_ibody_set(handle, inode, &i, &is)",2020,return err;,inode.ext4_writepage_trans_blocks:ADD@1931;EXT4_I(inode).i_disksize:SET@1953,FALSE_POSITIVE,NO_BUG,FALSE_ALARM,PRIVATE_OR_CLEANED_STATE,"The reported effect belongs to an unpublished object, output/cursor, or temporary cache, or is removed by the reviewed error cleanup; no live metadata owner retains it.",,2026-07-24
EXT4-032,ext4,32,__ext4_iget,linux-sources/linux-v6.14-fs/fs/ext4/inode.c,4945,"ext4_iget_extra_inode(inode, raw_inode, ei)",5053,return ERR_PTR(ret);,inode.i_mode:SET@4823;inode.i_blocks:SET@4873;inode.i_size:SET@4878;inode.i_generation:SET@4901;ei.i_block_group:SET@4902;ei.i_last_alloc_group:SET@4903,FALSE_POSITIVE,NO_BUG,FALSE_ALARM,PRIVATE_OR_CLEANED_STATE,"The reported effect belongs to an unpublished object, output/cursor, or temporary cache, or is removed by the reviewed error cleanup; no live metadata owner retains it.",,2026-07-24
EXT4-033,ext4,33,__ext4_iget,linux-sources/linux-v6.14-fs/fs/ext4/inode.c,4984,ext4_ind_check_inode(inode),5053,return ERR_PTR(ret);,inode.i_mode:SET@4823;inode.i_blocks:SET@4873;inode.i_size:SET@4878;inode.i_generation:SET@4901;ei.i_block_group:SET@4902;ei.i_last_alloc_group:SET@4903,FALSE_POSITIVE,NO_BUG,FALSE_ALARM,PRIVATE_OR_CLEANED_STATE,"The reported effect belongs to an unpublished object, output/cursor, or temporary cache, or is removed by the reviewed error cleanup; no live metadata owner retains it.",,2026-07-24
EXT4-034,ext4,34,ext4_do_update_inode,linux-sources/linux-v6.14-fs/fs/ext4/inode.c,5163,"ext4_handle_dirty_metadata(handle, NULL, bh)",5187,return err;,raw_inode.i_mode:SET@5151;raw_inode.i_uid_low:SET@5151;raw_inode.i_gid_low:SET@5151;raw_inode.i_links_count:SET@5151;raw_inode.i_dtime:SET@5151;raw_inode.i_flags:SET@5151;raw_inode.i_file_acl_high:SET@5151;raw_inode.i_file_acl_lo:SET@5151;raw_inode.i_generation:SET@5151;raw_inode.i_disk_version:SET@5151;raw_inode.i_version_hi:SET@5151;raw_inode.i_extra_isize:SET@5151;raw_inode.i_projid:SET@5151,FALSE_POSITIVE,NO_BUG,FALSE_ALARM,PRIVATE_OR_CLEANED_STATE,"The reported effect belongs to an unpublished object, output/cursor, or temporary cache, or is removed by the reviewed error cleanup; no live metadata owner retains it.",,2026-07-24
EXT4-035,ext4,35,ext4_do_update_inode,linux-sources/linux-v6.14-fs/fs/ext4/inode.c,5169,"ext4_journal_get_write_access(handle, sb, EXT4_SB(sb)->s_sbh, EXT4_JTR_NONE)",5187,return err;,raw_inode.i_mode:SET@5151;raw_inode.i_uid_low:SET@5151;raw_inode.i_gid_low:SET@5151;raw_inode.i_links_count:SET@5151;raw_inode.i_dtime:SET@5151;raw_inode.i_flags:SET@5151;raw_inode.i_file_acl_high:SET@5151;raw_inode.i_file_acl_lo:SET@5151;raw_inode.i_generation:SET@5151;raw_inode.i_disk_version:SET@5151;raw_inode.i_version_hi:SET@5151;raw_inode.i_extra_isize:SET@5151;raw_inode.i_projid:SET@5151,FALSE_POSITIVE,NO_BUG,FALSE_ALARM,PRIVATE_OR_CLEANED_STATE,"The reported effect belongs to an unpublished object, output/cursor, or temporary cache, or is removed by the reviewed error cleanup; no live metadata owner retains it.",,2026-07-24
EXT4-036,ext4,36,swap_inode_boot_loader,linux-sources/linux-v6.14-fs/fs/ext4/ioctl.c,452,dquot_initialize(inode),522,return err;,EXT4_I(inode_bl).i_disksize:SET@443;inode_bl.i_mode:SET@444,FALSE_POSITIVE,NO_BUG,FALSE_ALARM,PRIVATE_OR_CLEANED_STATE,"The reported effect belongs to an unpublished object, output/cursor, or temporary cache, or is removed by the reviewed error cleanup; no live metadata owner retains it.",,2026-07-24
EXT4-037,ext4,37,mbt_mb_init,linux-sources/linux-v6.14-fs/fs/ext4/mballoc-test.c,93,ext4_mb_init(sb),117,return ret;,sb.s_bdev:SET@76;sb->s_bdev.bd_queue:SET@80,FALSE_POSITIVE,NO_BUG,FALSE_ALARM,PRIVATE_OR_CLEANED_STATE,"The reported effect belongs to an unpublished object, output/cursor, or temporary cache, or is removed by the reviewed error cleanup; no live metadata owner retains it.",,2026-07-24
EXT4-038,ext4,38,mbt_mb_init,linux-sources/linux-v6.14-fs/fs/ext4/mballoc-test.c,98,"percpu_counter_init(&EXT4_SB(sb)->s_freeclusters_counter, block, GFP_KERNEL)",117,return ret;,sb.s_bdev:SET@76;sb->s_bdev.bd_queue:SET@80,FALSE_POSITIVE,NO_BUG,FALSE_ALARM,PRIVATE_OR_CLEANED_STATE,"The reported effect belongs to an unpublished object, output/cursor, or temporary cache, or is removed by the reviewed error cleanup; no live metadata owner retains it.",,2026-07-24
EXT4-039,ext4,39,mbt_mb_init,linux-sources/linux-v6.14-fs/fs/ext4/mballoc-test.c,103,"percpu_counter_init(&EXT4_SB(sb)->s_dirtyclusters_counter, 0, GFP_KERNEL)",117,return ret;,sb.s_bdev:SET@76;sb->s_bdev.bd_queue:SET@80,FALSE_POSITIVE,NO_BUG,FALSE_ALARM,PRIVATE_OR_CLEANED_STATE,"The reported effect belongs to an unpublished object, output/cursor, or temporary cache, or is removed by the reviewed error cleanup; no live metadata owner retains it.",,2026-07-24
EXT4-040,ext4,40,ext4_mb_init,linux-sources/linux-v6.14-fs/fs/ext4/mballoc.c,3733,ext4_mb_init_backend(sb),3751,return ret;,sbi.s_mb_largest_free_orders:SET@3653;sbi.s_mb_largest_free_orders_locks:SET@3660,FALSE_POSITIVE,NO_BUG,FALSE_ALARM,PRIVATE_OR_CLEANED_STATE,"The reported effect belongs to an unpublished object, output/cursor, or temporary cache, or is removed by the reviewed error cleanup; no live metadata owner retains it.",,2026-07-24
EXT4-041,ext4,41,update_ind_extent_range,linux-sources/linux-v6.14-fs/fs/ext4/migrate.c,106,"update_extent_range(handle, inode, le32_to_cpu(i_data[i]), lb)",115,return retval;,lb.last_block:SET@106;lb.curr_block:INC@106;lb.first_block:SET@106,FALSE_POSITIVE,NO_BUG,FALSE_ALARM,PRIVATE_OR_CLEANED_STATE,"The reported effect belongs to an unpublished object, output/cursor, or temporary cache, or is removed by the reviewed error cleanup; no live metadata owner retains it.",,2026-07-24
EXT4-042,ext4,42,ext4_append,linux-sources/linux-v6.14-fs/fs/ext4/namei.c,88,"ext4_mark_inode_dirty(handle, inode)",101,return ERR_PTR(err);,inode.i_size:INC@86;EXT4_I(inode).i_disksize:SET@87,FALSE_POSITIVE,NO_BUG,FALSE_ALARM,PRIVATE_OR_CLEANED_STATE,"The reported effect belongs to an unpublished object, output/cursor, or temporary cache, or is removed by the reviewed error cleanup; no live metadata owner retains it.",,2026-07-24
EXT4-043,ext4,43,ext4_append,linux-sources/linux-v6.14-fs/fs/ext4/namei.c,92,"ext4_journal_get_write_access(handle, inode->i_sb, bh, EXT4_JTR_NONE)",101,return ERR_PTR(err);,inode.i_size:INC@86;EXT4_I(inode).i_disksize:SET@87,FALSE_POSITIVE,NO_BUG,FALSE_ALARM,PRIVATE_OR_CLEANED_STATE,"The reported effect belongs to an unpublished object, output/cursor, or temporary cache, or is removed by the reviewed error cleanup; no live metadata owner retains it.",,2026-07-24
EXT4-044,ext4,44,do_split,linux-sources/linux-v6.14-fs/fs/ext4/namei.c,1959,"ext4_journal_get_write_access(handle, dir->i_sb, *bh, EXT4_JTR_NONE)",2060,return ERR_PTR(err);,dir.i_size:INC@1951;EXT4_I(dir).i_disksize:SET@1951,FALSE_POSITIVE,NO_BUG,FALSE_ALARM,PRIVATE_OR_CLEANED_STATE,"The reported effect belongs to an unpublished object, output/cursor, or temporary cache, or is removed by the reviewed error cleanup; no live metadata owner retains it.",,2026-07-24
EXT4-045,ext4,45,do_split,linux-sources/linux-v6.14-fs/fs/ext4/namei.c,1965,"ext4_journal_get_write_access(handle, dir->i_sb, frame->bh, EXT4_JTR_NONE)",2060,return ERR_PTR(err);,handle.ext4_journal_get_write_access:ADD@1959;dir.i_size:INC@1951;EXT4_I(dir).i_disksize:SET@1951,FALSE_POSITIVE,NO_BUG,FALSE_ALARM,PRIVATE_OR_CLEANED_STATE,"The reported effect belongs to an unpublished object, output/cursor, or temporary cache, or is removed by the reviewed error cleanup; no live metadata owner retains it.",,2026-07-24
EXT4-046,ext4,46,make_indexed_dir,linux-sources/linux-v6.14-fs/fs/ext4/namei.c,2334,"ext4fs_dirhash(dir, fname_name(fname), fname_len(fname), &fname->hinfo)",2339,return err;,handle.ext4_journal_get_write_access:ADD@2261;root->info.info_length:SET@2314;root->info.hash_version:SET@2316;root->info.hash_version:SET@2318;dir.i_size:INC@2282;EXT4_I(dir).i_disksize:SET@2282;entries.block:SET@2322;struct dx_countlimit *) entries).count:SET@2323,TRUE_RESIDUAL,LIKELY,TRUE_ISSUE,PARTIAL_INDEX_CONVERSION_EARLY_RETURN,"ext4_append has already grown and journaled directory size, entries were moved, and the dx root was rewritten.  Casefold hash allocation can return -ENOMEM here, bypassing the shared path that marks the partially converted inode dirty despite the source comment requiring exactly that handling.",,2026-07-24
EXT4-047,ext4,47,ext4_dx_add_entry,linux-sources/linux-v6.14-fs/fs/ext4/namei.c,2578,"ext4_journal_get_write_access(handle, sb, frame->bh, EXT4_JTR_NONE)",2664,return err;,handle.ext4_journal_get_write_access:ADD@2521;handle.ext4_journal_get_write_access:ADD@2525;dir.i_size:INC@2567;EXT4_I(dir).i_disksize:SET@2567,FALSE_POSITIVE,NO_BUG,FALSE_ALARM,PRIVATE_OR_CLEANED_STATE,"The reported effect belongs to an unpublished object, output/cursor, or temporary cache, or is removed by the reviewed error cleanup; no live metadata owner retains it.",,2026-07-24
EXT4-048,ext4,48,ext4_dx_add_entry,linux-sources/linux-v6.14-fs/fs/ext4/namei.c,2589,"ext4_journal_get_write_access(handle, sb, (frame - 1)->bh, EXT4_JTR_NONE)",2664,return err;,handle.ext4_journal_get_write_access:ADD@2521;handle.ext4_journal_get_write_access:ADD@2578;handle.ext4_journal_get_write_access:ADD@2525;dir.i_size:INC@2567;EXT4_I(dir).i_disksize:SET@2567,FALSE_POSITIVE,NO_BUG,FALSE_ALARM,PRIVATE_OR_CLEANED_STATE,"The reported effect belongs to an unpublished object, output/cursor, or temporary cache, or is removed by the reviewed error cleanup; no live metadata owner retains it.",,2026-07-24
EXT4-049,ext4,49,ext4_dx_add_entry,linux-sources/linux-v6.14-fs/fs/ext4/namei.c,2611,"ext4_handle_dirty_dx_node(handle, dir, bh2)",2664,return err;,handle.ext4_journal_get_write_access:ADD@2521;handle.ext4_journal_get_write_access:ADD@2578;handle.ext4_journal_get_write_access:ADD@2589;handle.ext4_journal_get_write_access:ADD@2525;dir.i_size:INC@2567;EXT4_I(dir).i_disksize:SET@2567;struct dx_countlimit *) entries).count:SET@2597;struct dx_countlimit *) entries2).count:SET@2598,FALSE_POSITIVE,NO_BUG,FALSE_ALARM,PRIVATE_OR_CLEANED_STATE,"The reported effect belongs to an unpublished object, output/cursor, or temporary cache, or is removed by the reviewed error cleanup; no live metadata owner retains it.",,2026-07-24
EXT4-050,ext4,50,ext4_dx_add_entry,linux-sources/linux-v6.14-fs/fs/ext4/namei.c,2615,"ext4_handle_dirty_dx_node(handle, dir, (frame - 1)->bh)",2664,return err;,handle.ext4_journal_get_write_access:ADD@2521;handle.ext4_journal_get_write_access:ADD@2578;handle.ext4_journal_get_write_access:ADD@2589;handle.ext4_journal_get_write_access:ADD@2525;dir.i_size:INC@2567;EXT4_I(dir).i_disksize:SET@2567;struct dx_countlimit *) entries).count:SET@2597;struct dx_countlimit *) entries2).count:SET@2598,FALSE_POSITIVE,NO_BUG,FALSE_ALARM,PRIVATE_OR_CLEANED_STATE,"The reported effect belongs to an unpublished object, output/cursor, or temporary cache, or is removed by the reviewed error cleanup; no live metadata owner retains it.",,2026-07-24
EXT4-051,ext4,51,ext4_dx_add_entry,linux-sources/linux-v6.14-fs/fs/ext4/namei.c,2637,"ext4_handle_dirty_dx_node(handle, dir, frame->bh)",2664,return err;,handle.ext4_journal_get_write_access:ADD@2521;handle.ext4_journal_get_write_access:ADD@2578;handle.ext4_journal_get_write_access:ADD@2589;handle.ext4_journal_get_write_access:ADD@2525;dir.i_size:INC@2567;EXT4_I(dir).i_disksize:SET@2567;struct dx_countlimit *) entries).count:SET@2597;struct dx_countlimit *) entries2).count:SET@2598;struct dx_countlimit *) entries).count:SET@2630;entries + 0.block:SET@2631,FALSE_POSITIVE,NO_BUG,FALSE_ALARM,PRIVATE_OR_CLEANED_STATE,"The reported effect belongs to an unpublished object, output/cursor, or temporary cache, or is removed by the reviewed error cleanup; no live metadata owner retains it.",,2026-07-24
EXT4-052,ext4,52,ext4_init_new_dir,linux-sources/linux-v6.14-fs/fs/ext4/namei.c,2998,"ext4_handle_dirty_dirblock(handle, inode, dir_block)",3004,return err;,inode.i_size:INC@2988;EXT4_I(inode).i_disksize:SET@2988;de.inode:SET@2992;de.name_len:SET@2992,FALSE_POSITIVE,NO_BUG,FALSE_ALARM,PRIVATE_OR_CLEANED_STATE,"The reported effect belongs to an unpublished object, output/cursor, or temporary cache, or is removed by the reviewed error cleanup; no live metadata owner retains it.",,2026-07-24
EXT4-053,ext4,53,ext4_rename_dir_finish,linux-sources/linux-v6.14-fs/fs/ext4/namei.c,3635,"ext4_mark_inode_dirty(handle, ent->inode)",3639,return retval;,ent->parent_de.inode:SET@3623,FALSE_POSITIVE,NO_BUG,FALSE_ALARM,PRIVATE_OR_CLEANED_STATE,"The reported effect belongs to an unpublished object, output/cursor, or temporary cache, or is removed by the reviewed error cleanup; no live metadata owner retains it.",,2026-07-24
EXT4-054,ext4,54,ext4_setent,linux-sources/linux-v6.14-fs/fs/ext4/namei.c,3662,"ext4_handle_dirty_dirblock(handle, ent->dir, ent->bh)",3665,return retval2;,handle.ext4_journal_get_write_access:ADD@3650;ent->de.inode:SET@3654,FALSE_POSITIVE,NO_BUG,FALSE_ALARM,PRIVATE_OR_CLEANED_STATE,"The reported effect belongs to an unpublished object, output/cursor, or temporary cache, or is removed by the reviewed error cleanup; no live metadata owner retains it.",,2026-07-24
EXT4-055,ext4,55,ext4_cross_rename,linux-sources/linux-v6.14-fs/fs/ext4/namei.c,4153,"ext4_setent(handle, &old, new.inode->i_ino, new_file_type)",4192,return retval;,old.dir->i_sb.EXT4_DATA_TRANS_BLOCKS:ADD@4113;handle.ext4_journal_get_write_access:ADD@4125;handle.ext4_journal_get_write_access:ADD@4130;handle.ext4_journal_get_write_access:ADD@4149;&new->de.inode:SET@4149,FALSE_POSITIVE,NO_BUG,FALSE_ALARM,PRIVATE_OR_CLEANED_STATE,"The reported effect belongs to an unpublished object, output/cursor, or temporary cache, or is removed by the reviewed error cleanup; no live metadata owner retains it.",,2026-07-24
EXT4-056,ext4,56,ext4_cross_rename,linux-sources/linux-v6.14-fs/fs/ext4/namei.c,4163,"ext4_mark_inode_dirty(handle, old.inode)",4192,return retval;,old.dir->i_sb.EXT4_DATA_TRANS_BLOCKS:ADD@4113;handle.ext4_journal_get_write_access:ADD@4125;handle.ext4_journal_get_write_access:ADD@4130;handle.ext4_journal_get_write_access:ADD@4149;&new->de.inode:SET@4149;handle.ext4_journal_get_write_access:ADD@4153;&old->de.inode:SET@4153,FALSE_POSITIVE,NO_BUG,FALSE_ALARM,PRIVATE_OR_CLEANED_STATE,"The reported effect belongs to an unpublished object, output/cursor, or temporary cache, or is removed by the reviewed error cleanup; no live metadata owner retains it.",,2026-07-24
EXT4-057,ext4,57,ext4_cross_rename,linux-sources/linux-v6.14-fs/fs/ext4/namei.c,4166,"ext4_mark_inode_dirty(handle, new.inode)",4192,return retval;,old.dir->i_sb.EXT4_DATA_TRANS_BLOCKS:ADD@4113;handle.ext4_journal_get_write_access:ADD@4125;handle.ext4_journal_get_write_access:ADD@4130;handle.ext4_journal_get_write_access:ADD@4149;&new->de.inode:SET@4149;handle.ext4_journal_get_write_access:ADD@4153;&old->de.inode:SET@4153,FALSE_POSITIVE,NO_BUG,FALSE_ALARM,PRIVATE_OR_CLEANED_STATE,"The reported effect belongs to an unpublished object, output/cursor, or temporary cache, or is removed by the reviewed error cleanup; no live metadata owner retains it.",,2026-07-24
EXT4-058,ext4,58,ext4_cross_rename,linux-sources/linux-v6.14-fs/fs/ext4/namei.c,4172,"ext4_rename_dir_finish(handle, &old, new.dir->i_ino)",4192,return retval;,old.dir->i_sb.EXT4_DATA_TRANS_BLOCKS:ADD@4113;handle.ext4_journal_get_write_access:ADD@4125;handle.ext4_journal_get_write_access:ADD@4130;handle.ext4_journal_get_write_access:ADD@4149;&new->de.inode:SET@4149;handle.ext4_journal_get_write_access:ADD@4153;&old->de.inode:SET@4153;&old->parent_de.inode:SET@4172,FALSE_POSITIVE,NO_BUG,FALSE_ALARM,PRIVATE_OR_CLEANED_STATE,"The reported effect belongs to an unpublished object, output/cursor, or temporary cache, or is removed by the reviewed error cleanup; no live metadata owner retains it.",,2026-07-24
EXT4-059,ext4,59,ext4_cross_rename,linux-sources/linux-v6.14-fs/fs/ext4/namei.c,4177,"ext4_rename_dir_finish(handle, &new, old.dir->i_ino)",4192,return retval;,old.dir->i_sb.EXT4_DATA_TRANS_BLOCKS:ADD@4113;handle.ext4_journal_get_write_access:ADD@4125;handle.ext4_journal_get_write_access:ADD@4130;handle.ext4_journal_get_write_access:ADD@4149;&new->de.inode:SET@4149;handle.ext4_journal_get_write_access:ADD@4153;&old->de.inode:SET@4153;&old->parent_de.inode:SET@4172;&new->parent_de.inode:SET@4177,FALSE_POSITIVE,NO_BUG,FALSE_ALARM,PRIVATE_OR_CLEANED_STATE,"The reported effect belongs to an unpublished object, output/cursor, or temporary cache, or is removed by the reviewed error cleanup; no live metadata owner retains it.",,2026-07-24
EXT4-060,ext4,60,ext4_orphan_add,linux-sources/linux-v6.14-fs/fs/ext4/orphan.c,139,"ext4_journal_get_write_access(handle, sb, sbi->s_sbh, EXT4_JTR_NONE)",189,return err;,inode->i_sb.ext4_inodes_per_orphan_block:ADD@129;EXT4_I(inode).i_orphan_idx:SET@129,FALSE_POSITIVE,NO_BUG,FALSE_ALARM,PRIVATE_OR_CLEANED_STATE,"The reported effect belongs to an unpublished object, output/cursor, or temporary cache, or is removed by the reviewed error cleanup; no live metadata owner retains it.",,2026-07-24
EXT4-061,ext4,61,ext4_orphan_add,linux-sources/linux-v6.14-fs/fs/ext4/orphan.c,144,"ext4_reserve_inode_write(handle, inode, &iloc)",189,return err;,handle.ext4_journal_get_write_access:ADD@139;inode->i_sb.ext4_inodes_per_orphan_block:ADD@129;EXT4_I(inode).i_orphan_idx:SET@129,FALSE_POSITIVE,NO_BUG,FALSE_ALARM,PRIVATE_OR_CLEANED_STATE,"The reported effect belongs to an unpublished object, output/cursor, or temporary cache, or is removed by the reviewed error cleanup; no live metadata owner retains it.",,2026-07-24
EXT4-062,ext4,62,ext4_orphan_del,linux-sources/linux-v6.14-fs/fs/ext4/orphan.c,297,"ext4_mark_iloc_dirty(handle, i_prev, &iloc2)",306,return err;,handle.ext4_reserve_inode_write:RESERVE@250;inode.NEXT_ORPHAN:ADD@268;handle.ext4_journal_get_write_access:ADD@272;sbi->s_es.s_last_orphan:SET@279;handle.ext4_reserve_inode_write:RESERVE@291;i_prev.NEXT_ORPHAN:ADD@296,FALSE_POSITIVE,NO_BUG,FALSE_ALARM,PRIVATE_OR_CLEANED_STATE,"The reported effect belongs to an unpublished object, output/cursor, or temporary cache, or is removed by the reviewed error cleanup; no live metadata owner retains it.",,2026-07-24
EXT4-063,ext4,63,ext4_add_new_descs,linux-sources/linux-v6.14-fs/fs/ext4/resize.c,1289,"add_new_gdb(handle, resize_inode, group)",1294,return err;,handle.ext4_journal_get_write_access:ADD@1281;handle.reserve_backup_gdb:RESERVE@1285;resize_inode->i_sb.verify_reserved_gdb:RESERVE@1285;handle.ext4_reserve_inode_write:RESERVE@1285;resize_inode.i_blocks:INC@1285;EXT4_SB(sb).s_gdb_count:INC@1287,FALSE_POSITIVE,NO_BUG,FALSE_ALARM,PRIVATE_OR_CLEANED_STATE,"The reported effect belongs to an unpublished object, output/cursor, or temporary cache, or is removed by the reviewed error cleanup; no live metadata owner retains it.",,2026-07-24
EXT4-064,ext4,64,ext4_group_add,linux-sources/linux-v6.14-fs/fs/ext4/resize.c,1751,"ext4_alloc_flex_bg_array(sb, input->group + 1)",1765,return err;,input.free_clusters_count:SET@1747,FALSE_POSITIVE,NO_BUG,FALSE_ALARM,PRIVATE_OR_CLEANED_STATE,"The reported effect belongs to an unpublished object, output/cursor, or temporary cache, or is removed by the reviewed error cleanup; no live metadata owner retains it.",,2026-07-24
EXT4-065,ext4,65,ext4_group_add,linux-sources/linux-v6.14-fs/fs/ext4/resize.c,1755,"ext4_mb_alloc_groupinfo(sb, input->group + 1)",1765,return err;,input.free_clusters_count:SET@1747,FALSE_POSITIVE,NO_BUG,FALSE_ALARM,PRIVATE_OR_CLEANED_STATE,"The reported effect belongs to an unpublished object, output/cursor, or temporary cache, or is removed by the reviewed error cleanup; no live metadata owner retains it.",,2026-07-24
EXT4-066,ext4,66,ext4_percpu_param_init,linux-sources/linux-v6.14-fs/fs/ext4/super.c,1237,percpu_init_rwsem(&sbi->s_writepages_rwsem),1242,return err;,sbi->s_es.s_free_inodes_count:SET@1223,FALSE_POSITIVE,NO_BUG,FALSE_ALARM,PRIVATE_OR_CLEANED_STATE,"The reported effect belongs to an unpublished object, output/cursor, or temporary cache, or is removed by the reviewed error cleanup; no live metadata owner retains it.",,2026-07-24
EXT4-067,ext4,67,__ext4_fill_super,linux-sources/linux-v6.14-fs/fs/ext4/super.c,5255,"ext4_init_metadata_csum(sb, es)",5699,return err;,sbi.s_inode_readahead_blks:SET@5244,FALSE_POSITIVE,NO_BUG,FALSE_ALARM,PRIVATE_OR_CLEANED_STATE,"The reported effect belongs to an unpublished object, output/cursor, or temporary cache, or is removed by the reviewed error cleanup; no live metadata owner retains it.",,2026-07-24
EXT4-068,ext4,68,__ext4_fill_super,linux-sources/linux-v6.14-fs/fs/ext4/super.c,5273,"ext4_inode_info_init(sb, es)",5699,return err;,sbi.s_inode_readahead_blks:SET@5244;sbi.s_commit_interval:SET@5263,FALSE_POSITIVE,NO_BUG,FALSE_ALARM,PRIVATE_OR_CLEANED_STATE,"The reported effect belongs to an unpublished object, output/cursor, or temporary cache, or is removed by the reviewed error cleanup; no live metadata owner retains it.",,2026-07-24
EXT4-069,ext4,69,__ext4_fill_super,linux-sources/linux-v6.14-fs/fs/ext4/super.c,5277,"parse_apply_sb_mount_options(sb, ctx)",5699,return err;,sbi.s_inode_readahead_blks:SET@5244;sbi.s_commit_interval:SET@5263,FALSE_POSITIVE,NO_BUG,FALSE_ALARM,PRIVATE_OR_CLEANED_STATE,"The reported effect belongs to an unpublished object, output/cursor, or temporary cache, or is removed by the reviewed error cleanup; no live metadata owner retains it.",,2026-07-24
EXT4-070,ext4,70,__ext4_fill_super,linux-sources/linux-v6.14-fs/fs/ext4/super.c,5290,"ext4_encoding_init(sb, es)",5699,return err;,sbi.s_inode_readahead_blks:SET@5244;sbi.s_commit_interval:SET@5263,FALSE_POSITIVE,NO_BUG,FALSE_ALARM,PRIVATE_OR_CLEANED_STATE,"The reported effect belongs to an unpublished object, output/cursor, or temporary cache, or is removed by the reviewed error cleanup; no live metadata owner retains it.",,2026-07-24
EXT4-071,ext4,71,__ext4_fill_super,linux-sources/linux-v6.14-fs/fs/ext4/super.c,5294,ext4_check_journal_data_mode(sb),5699,return err;,sbi.s_inode_readahead_blks:SET@5244;sbi.s_commit_interval:SET@5263,FALSE_POSITIVE,NO_BUG,FALSE_ALARM,PRIVATE_OR_CLEANED_STATE,"The reported effect belongs to an unpublished object, output/cursor, or temporary cache, or is removed by the reviewed error cleanup; no live metadata owner retains it.",,2026-07-24
EXT4-072,ext4,72,__ext4_fill_super,linux-sources/linux-v6.14-fs/fs/ext4/super.c,5307,"ext4_check_feature_compatibility(sb, es, silent)",5699,return err;,sbi.s_inode_readahead_blks:SET@5244;sbi.s_commit_interval:SET@5263,FALSE_POSITIVE,NO_BUG,FALSE_ALARM,PRIVATE_OR_CLEANED_STATE,"The reported effect belongs to an unpublished object, output/cursor, or temporary cache, or is removed by the reviewed error cleanup; no live metadata owner retains it.",,2026-07-24
EXT4-073,ext4,73,__ext4_fill_super,linux-sources/linux-v6.14-fs/fs/ext4/super.c,5311,"ext4_block_group_meta_init(sb, silent)",5699,return err;,sbi.s_inode_readahead_blks:SET@5244;sbi.s_commit_interval:SET@5263,FALSE_POSITIVE,NO_BUG,FALSE_ALARM,PRIVATE_OR_CLEANED_STATE,"The reported effect belongs to an unpublished object, output/cursor, or temporary cache, or is removed by the reviewed error cleanup; no live metadata owner retains it.",,2026-07-24
EXT4-074,ext4,74,__ext4_fill_super,linux-sources/linux-v6.14-fs/fs/ext4/super.c,5315,ext4_hash_info_init(sb),5699,return err;,sbi.s_inode_readahead_blks:SET@5244;sbi.s_commit_interval:SET@5263,FALSE_POSITIVE,NO_BUG,FALSE_ALARM,PRIVATE_OR_CLEANED_STATE,"The reported effect belongs to an unpublished object, output/cursor, or temporary cache, or is removed by the reviewed error cleanup; no live metadata owner retains it.",,2026-07-24
EXT4-075,ext4,75,__ext4_fill_super,linux-sources/linux-v6.14-fs/fs/ext4/super.c,5319,ext4_handle_clustersize(sb),5699,return err;,sbi.s_inode_readahead_blks:SET@5244;sbi.s_commit_interval:SET@5263,FALSE_POSITIVE,NO_BUG,FALSE_ALARM,PRIVATE_OR_CLEANED_STATE,"The reported effect belongs to an unpublished object, output/cursor, or temporary cache, or is removed by the reviewed error cleanup; no live metadata owner retains it.",,2026-07-24
EXT4-076,ext4,76,__ext4_fill_super,linux-sources/linux-v6.14-fs/fs/ext4/super.c,5323,"ext4_check_geometry(sb, es)",5699,return err;,sbi.s_inode_readahead_blks:SET@5244;sbi.s_commit_interval:SET@5263,FALSE_POSITIVE,NO_BUG,FALSE_ALARM,PRIVATE_OR_CLEANED_STATE,"The reported effect belongs to an unpublished object, output/cursor, or temporary cache, or is removed by the reviewed error cleanup; no live metadata owner retains it.",,2026-07-24
EXT4-077,ext4,77,__ext4_fill_super,linux-sources/linux-v6.14-fs/fs/ext4/super.c,5331,"ext4_group_desc_init(sb, es, logical_sb_block, &first_not_zeroed)",5699,return err;,sbi.s_inode_readahead_blks:SET@5244;sbi.s_commit_interval:SET@5263,FALSE_POSITIVE,NO_BUG,FALSE_ALARM,PRIVATE_OR_CLEANED_STATE,"The reported effect belongs to an unpublished object, output/cursor, or temporary cache, or is removed by the reviewed error cleanup; no live metadata owner retains it.",,2026-07-24
EXT4-078,ext4,78,__ext4_fill_super,linux-sources/linux-v6.14-fs/fs/ext4/super.c,5335,ext4_es_register_shrinker(sbi),5699,return err;,sbi.s_inode_readahead_blks:SET@5244;sbi.s_commit_interval:SET@5263,FALSE_POSITIVE,NO_BUG,FALSE_ALARM,PRIVATE_OR_CLEANED_STATE,"The reported effect belongs to an unpublished object, output/cursor, or temporary cache, or is removed by the reviewed error cleanup; no live metadata owner retains it.",,2026-07-24
EXT4-079,ext4,79,ext4_fill_super,linux-sources/linux-v6.14-fs/fs/ext4/super.c,5722,"__ext4_fill_super(fc, sb)",5749,return ret;,sbi.s_sb_block:SET@5718;sbi.s_sb_block:SET@5720,FALSE_POSITIVE,NO_BUG,FALSE_ALARM,PRIVATE_OR_CLEANED_STATE,"The reported effect belongs to an unpublished object, output/cursor, or temporary cache, or is removed by the reviewed error cleanup; no live metadata owner retains it.",,2026-07-24
EXT4-080,ext4,80,ext4_load_journal,linux-sources/linux-v6.14-fs/fs/ext4/super.c,6011,"ext4_open_inode_journal(sb, journal_inum)",6013,return PTR_ERR(journal);,journal.j_private:SET@6011;journal.j_bmap:SET@6011;sb.ext4_init_journal_params:ADD@6011,FALSE_POSITIVE,NO_BUG,FALSE_ALARM,PRIVATE_OR_CLEANED_STATE,"The reported effect belongs to an unpublished object, output/cursor, or temporary cache, or is removed by the reviewed error cleanup; no live metadata owner retains it.",,2026-07-24
XFS-001,xfs,1,xfs_perag_alloc,linux-sources/linux-v6.14-fs/fs/xfs/libxfs/xfs_ag.c,251,"xfs_group_insert(mp, pag_group(pag), index, XG_TYPE_AG)",261,return error;,pag_group(pag).xg_block_count:SET@245,FALSE_POSITIVE,NO_BUG,FALSE_ALARM,PRIVATE_OR_CLEANED_STATE,"The reported effect belongs to an unpublished object, output/cursor, or temporary cache, or is removed by the reviewed error cleanup; no live metadata owner retains it.",,2026-07-24
XFS-002,xfs,2,xfs_alloc_fix_freelist,linux-sources/linux-v6.14-fs/fs/xfs/libxfs/xfs_alloc.c,2875,"xfs_alloc_read_agf(pag, tp, alloc_flags, &agbp)",3019,return error;,pag.pagf_refcount_level:SET@2844;pag->pag_opstate.bit:XFS_AGSTATE_AGF_INIT:SET@2844,FALSE_POSITIVE,NO_BUG,FALSE_ALARM,INTENTIONAL_PROGRESS_OR_OUTPUT,"The value is an output, retry cursor, cache population, terminal error state, or completed progress that is intentionally retained across the later failure.",,2026-07-24
XFS-003,xfs,3,xfs_alloc_fix_freelist,linux-sources/linux-v6.14-fs/fs/xfs/libxfs/xfs_alloc.c,2933,"xfs_alloc_get_freelist(pag, tp, agbp, &bno, 0)",3019,return error;,pag.pagf_refcount_level:SET@2844;pag->pag_opstate.bit:XFS_AGSTATE_AGF_INIT:SET@2844;pag.pagf_refcount_level:SET@2875;pag->pag_opstate.bit:XFS_AGSTATE_AGF_INIT:SET@2875,FALSE_POSITIVE,NO_BUG,FALSE_ALARM,INTENTIONAL_PROGRESS_OR_OUTPUT,"The value is an output, retry cursor, cache population, terminal error state, or completed progress that is intentionally retained across the later failure.",,2026-07-24
XFS-004,xfs,4,xfs_alloc_fix_freelist,linux-sources/linux-v6.14-fs/fs/xfs/libxfs/xfs_alloc.c,2949,"xfs_free_extent_later(tp, xfs_agbno_to_fsb(pag, bno), 1, &targs.oinfo, XFS_AG_RESV_AGFL, 0)",3019,return error;,pag.pagf_refcount_level:SET@2844;pag->pag_opstate.bit:XFS_AGSTATE_AGF_INIT:SET@2844;pag.pagf_refcount_level:SET@2875;pag->pag_opstate.bit:XFS_AGSTATE_AGF_INIT:SET@2875,FALSE_POSITIVE,NO_BUG,FALSE_ALARM,INTENTIONAL_PROGRESS_OR_OUTPUT,"The value is an output, retry cursor, cache population, terminal error state, or completed progress that is intentionally retained across the later failure.",,2026-07-24
XFS-005,xfs,5,xfs_alloc_fix_freelist,linux-sources/linux-v6.14-fs/fs/xfs/libxfs/xfs_alloc.c,2961,"xfs_alloc_read_agfl(pag, tp, &agflbp)",3019,return error;,pag.pagf_refcount_level:SET@2844;pag->pag_opstate.bit:XFS_AGSTATE_AGF_INIT:SET@2844;pag.pagf_refcount_level:SET@2875;pag->pag_opstate.bit:XFS_AGSTATE_AGF_INIT:SET@2875,FALSE_POSITIVE,NO_BUG,FALSE_ALARM,INTENTIONAL_PROGRESS_OR_OUTPUT,"The value is an output, retry cursor, cache population, terminal error state, or completed progress that is intentionally retained across the later failure.",,2026-07-24
XFS-006,xfs,6,xfs_alloc_fix_freelist,linux-sources/linux-v6.14-fs/fs/xfs/libxfs/xfs_alloc.c,2972,"xfs_alloc_ag_vextent_size(&targs, alloc_flags)",3019,return error;,pag.pagf_refcount_level:SET@2844;pag->pag_opstate.bit:XFS_AGSTATE_AGF_INIT:SET@2844;pag.pagf_refcount_level:SET@2875;pag->pag_opstate.bit:XFS_AGSTATE_AGF_INIT:SET@2875,FALSE_POSITIVE,NO_BUG,FALSE_ALARM,INTENTIONAL_PROGRESS_OR_OUTPUT,"The value is an output, retry cursor, cache population, terminal error state, or completed progress that is intentionally retained across the later failure.",,2026-07-24
XFS-007,xfs,7,xfs_alloc_fix_freelist,linux-sources/linux-v6.14-fs/fs/xfs/libxfs/xfs_alloc.c,2988,"xfs_rmap_alloc(tp, agbp, pag, targs.agbno, targs.len, &targs.oinfo)",3019,return error;,pag.pagf_refcount_level:SET@2844;pag->pag_opstate.bit:XFS_AGSTATE_AGF_INIT:SET@2844;pag.pagf_refcount_level:SET@2875;pag->pag_opstate.bit:XFS_AGSTATE_AGF_INIT:SET@2875,FALSE_POSITIVE,NO_BUG,FALSE_ALARM,INTENTIONAL_PROGRESS_OR_OUTPUT,"The value is an output, retry cursor, cache population, terminal error state, or completed progress that is intentionally retained across the later failure.",,2026-07-24
XFS-008,xfs,8,xfs_alloc_fix_freelist,linux-sources/linux-v6.14-fs/fs/xfs/libxfs/xfs_alloc.c,2993,"xfs_alloc_update_counters(tp, agbp, -((long)(targs.len)))",3019,return error;,pag.pagf_refcount_level:SET@2844;pag->pag_opstate.bit:XFS_AGSTATE_AGF_INIT:SET@2844;pag.pagf_refcount_level:SET@2875;pag->pag_opstate.bit:XFS_AGSTATE_AGF_INIT:SET@2875,FALSE_POSITIVE,NO_BUG,FALSE_ALARM,INTENTIONAL_PROGRESS_OR_OUTPUT,"The value is an output, retry cursor, cache population, terminal error state, or completed progress that is intentionally retained across the later failure.",,2026-07-24
XFS-009,xfs,9,xfs_alloc_fix_freelist,linux-sources/linux-v6.14-fs/fs/xfs/libxfs/xfs_alloc.c,3002,"xfs_alloc_put_freelist(pag, tp, agbp, agflbp, bno, 0)",3019,return error;,pag.pagf_refcount_level:SET@2844;pag->pag_opstate.bit:XFS_AGSTATE_AGF_INIT:SET@2844;pag.pagf_refcount_level:SET@2875;pag->pag_opstate.bit:XFS_AGSTATE_AGF_INIT:SET@2875,FALSE_POSITIVE,NO_BUG,FALSE_ALARM,INTENTIONAL_PROGRESS_OR_OUTPUT,"The value is an output, retry cursor, cache population, terminal error state, or completed progress that is intentionally retained across the later failure.",,2026-07-24
XFS-010,xfs,10,__xfs_btree_split,linux-sources/linux-v6.14-fs/fs/xfs/libxfs/xfs_btree.c,2942,"xfs_btree_read_buf_block(cur, &rrptr, 0, &rrblock, &rrbp)",2984,return error;,right->bb_u.l.bb_rightsib:SET@2930;right->bb_u.l.bb_leftsib:SET@2930;right->bb_u.s.bb_rightsib:SET@2930;right->bb_u.s.bb_leftsib:SET@2930;right->bb_u.l.bb_rightsib:SET@2931;right->bb_u.l.bb_leftsib:SET@2931;right->bb_u.s.bb_rightsib:SET@2931;right->bb_u.s.bb_leftsib:SET@2931;left->bb_u.l.bb_rightsib:SET@2932;left->bb_u.l.bb_leftsib:SET@2932;left->bb_u.s.bb_rightsib:SET@2932;left->bb_u.s.bb_leftsib:SET@2932;cur->bc_tp.xfs_trans_buf_set_type:ADD@2934;cur->bc_tp.xfs_trans_log_inode:ADD@2934;cur->bc_tp.xfs_trans_buf_set_type:ADD@2935;cur->bc_tp.xfs_trans_log_inode:ADD@2935,TRUE_RESIDUAL,NO_BUG,CONTAINED_NOT_BUG,TRANSACTION_OR_FATAL_CONTAINMENT,"The mutation can remain at this function return, but the caller cancels/aborts the dirty transaction or shuts down the filesystem, so the state cannot continue as ordinary live metadata.",,2026-07-24
XFS-011,xfs,11,__xfs_btree_split,linux-sources/linux-v6.14-fs/fs/xfs/libxfs/xfs_btree.c,2952,"xfs_btree_update_keys(cur, level)",2984,return error;,right->bb_u.l.bb_rightsib:SET@2930;right->bb_u.l.bb_leftsib:SET@2930;right->bb_u.s.bb_rightsib:SET@2930;right->bb_u.s.bb_leftsib:SET@2930;right->bb_u.l.bb_rightsib:SET@2931;right->bb_u.l.bb_leftsib:SET@2931;right->bb_u.s.bb_rightsib:SET@2931;right->bb_u.s.bb_leftsib:SET@2931;left->bb_u.l.bb_rightsib:SET@2932;left->bb_u.l.bb_leftsib:SET@2932;left->bb_u.s.bb_rightsib:SET@2932;left->bb_u.s.bb_leftsib:SET@2932;cur->bc_tp.xfs_trans_buf_set_type:ADD@2934;cur->bc_tp.xfs_trans_log_inode:ADD@2934;cur->bc_tp.xfs_trans_buf_set_type:ADD@2935;cur->bc_tp.xfs_trans_log_inode:ADD@2935;rrblock->bb_u.l.bb_rightsib:SET@2946;rrblock->bb_u.l.bb_leftsib:SET@2946;rrblock->bb_u.s.bb_rightsib:SET@2946;rrblock->bb_u.s.bb_leftsib:SET@2946;cur->bc_tp.xfs_trans_buf_set_type:ADD@2947;cur->bc_tp.xfs_trans_log_inode:ADD@2947,TRUE_RESIDUAL,NO_BUG,CONTAINED_NOT_BUG,TRANSACTION_OR_FATAL_CONTAINMENT,"The mutation can remain at this function return, but the caller cancels/aborts the dirty transaction or shuts down the filesystem, so the state cannot continue as ordinary live metadata.",,2026-07-24
XFS-012,xfs,12,__xfs_btree_split,linux-sources/linux-v6.14-fs/fs/xfs/libxfs/xfs_btree.c,2971,"xfs_btree_dup_cursor(cur, curp)",2984,return error;,right->bb_u.l.bb_rightsib:SET@2930;right->bb_u.l.bb_leftsib:SET@2930;right->bb_u.s.bb_rightsib:SET@2930;right->bb_u.s.bb_leftsib:SET@2930;right->bb_u.l.bb_rightsib:SET@2931;right->bb_u.l.bb_leftsib:SET@2931;right->bb_u.s.bb_rightsib:SET@2931;right->bb_u.s.bb_leftsib:SET@2931;left->bb_u.l.bb_rightsib:SET@2932;left->bb_u.l.bb_leftsib:SET@2932;left->bb_u.s.bb_rightsib:SET@2932;left->bb_u.s.bb_leftsib:SET@2932;cur->bc_tp.xfs_trans_buf_set_type:ADD@2934;cur->bc_tp.xfs_trans_log_inode:ADD@2934;cur->bc_tp.xfs_trans_buf_set_type:ADD@2935;cur->bc_tp.xfs_trans_log_inode:ADD@2935;rrblock->bb_u.l.bb_rightsib:SET@2946;rrblock->bb_u.l.bb_leftsib:SET@2946;rrblock->bb_u.s.bb_rightsib:SET@2946;rrblock->bb_u.s.bb_leftsib:SET@2946;cur->bc_tp.xfs_trans_buf_set_type:ADD@2947;cur->bc_tp.xfs_trans_log_inode:ADD@2947;cur->bc_tp.xfs_trans_brelse:ADD@2963,TRUE_RESIDUAL,NO_BUG,CONTAINED_NOT_BUG,TRANSACTION_OR_FATAL_CONTAINMENT,"The mutation can remain at this function return, but the caller cancels/aborts the dirty transaction or shuts down the filesystem, so the state cannot continue as ordinary live metadata.",,2026-07-24
XFS-013,xfs,13,xfs_btree_delrec,linux-sources/linux-v6.14-fs/fs/xfs/libxfs/xfs_btree.c,4486,"xfs_btree_read_buf_block(cur, &cptr, 0, &rrblock, &rrbp)",4544,return error;,cur->bc_tp.xfs_trans_buf_set_type:ADD@4458;cur->bc_tp.xfs_trans_log_buf:ADD@4458;cur->bc_tp.xfs_trans_log_inode:ADD@4458;cur->bc_tp.xfs_trans_buf_set_type:ADD@4459;cur->bc_tp.xfs_trans_log_inode:ADD@4459;cur->bc_tp.xfs_trans_log_inode:ADD@4469;cur->bc_tp.xfs_trans_buf_set_type:ADD@4469;cur->bc_tp.xfs_trans_log_buf:ADD@4469;left->bb_u.l.bb_rightsib:SET@4480;left->bb_u.l.bb_leftsib:SET@4480;left->bb_u.s.bb_rightsib:SET@4480;left->bb_u.s.bb_leftsib:SET@4480;cur->bc_tp.xfs_trans_buf_set_type:ADD@4481;cur->bc_tp.xfs_trans_log_inode:ADD@4481,TRUE_RESIDUAL,NO_BUG,CONTAINED_NOT_BUG,TRANSACTION_OR_FATAL_CONTAINMENT,"The mutation can remain at this function return, but the caller cancels/aborts the dirty transaction or shuts down the filesystem, so the state cannot continue as ordinary live metadata.",,2026-07-24
XFS-014,xfs,14,xfs_btree_bload_drop_buf,linux-sources/linux-v6.14-fs/fs/xfs/libxfs/xfs_btree_staging.c,264,xfs_buf_delwri_submit(buffers_list),266,return error;,bbl.nr_dirty:INC@259,FALSE_POSITIVE,NO_BUG,FALSE_ALARM,PRIVATE_OR_CLEANED_STATE,"The reported effect belongs to an unpublished object, output/cursor, or temporary cache, or is removed by the reviewed error cleanup; no live metadata owner retains it.",,2026-07-24
XFS-015,xfs,15,xfs_btree_bload_prep_block,linux-sources/linux-v6.14-fs/fs/xfs/libxfs/xfs_btree_staging.c,339,"xfs_btree_bload_drop_buf(bbl, buffers_list, bpp)",341,return ret;,bbl.nr_dirty:INC@339,FALSE_POSITIVE,NO_BUG,FALSE_ALARM,PRIVATE_OR_CLEANED_STATE,"The reported effect belongs to an unpublished object, output/cursor, or temporary cache, or is removed by the reviewed error cleanup; no live metadata owner retains it.",,2026-07-24
XFS-016,xfs,16,xfs_btree_bload,linux-sources/linux-v6.14-fs/fs/xfs/libxfs/xfs_btree_staging.c,739,"xfs_btree_bload_drop_buf(bbl, &buffers_list, &bp)",819,return ret;,bbl.nr_dirty:INC@739,FALSE_POSITIVE,NO_BUG,FALSE_ALARM,PRIVATE_OR_CLEANED_STATE,"The reported effect belongs to an unpublished object, output/cursor, or temporary cache, or is removed by the reviewed error cleanup; no live metadata owner retains it.",,2026-07-24
XFS-017,xfs,17,xfs_btree_bload,linux-sources/linux-v6.14-fs/fs/xfs/libxfs/xfs_btree_staging.c,784,"xfs_btree_bload_drop_buf(bbl, &buffers_list, &bp)",819,return ret;,bbl.nr_dirty:INC@784,FALSE_POSITIVE,NO_BUG,FALSE_ALARM,PRIVATE_OR_CLEANED_STATE,"The reported effect belongs to an unpublished object, output/cursor, or temporary cache, or is removed by the reviewed error cleanup; no live metadata owner retains it.",,2026-07-24
XFS-018,xfs,18,xfs_btree_bload,linux-sources/linux-v6.14-fs/fs/xfs/libxfs/xfs_btree_staging.c,807,xfs_buf_delwri_submit(&buffers_list),819,return ret;,cur->bc_ino.ifake.if_blocks:SET@795;cur->bc_ag.afake.af_root:SET@797;cur->bc_ag.afake.af_blocks:SET@799;bbl.nr_dirty:INC@784,FALSE_POSITIVE,NO_BUG,FALSE_ALARM,PRIVATE_OR_CLEANED_STATE,"The reported effect belongs to an unpublished object, output/cursor, or temporary cache, or is removed by the reviewed error cleanup; no live metadata owner retains it.",,2026-07-24
XFS-019,xfs,19,xfs_dir2_sf_to_block,linux-sources/linux-v6.14-fs/fs/xfs/libxfs/xfs_dir2_block.c,1168,"xfs_dir2_data_use_free(args, bp, dup, (xfs_dir2_data_aoff_t)((char *)dup - (char *)hdr), be16_to_cpu(dup->length), &needlog, &needscan)",1280,return error;,btp.count:SET@1161,FALSE_POSITIVE,NO_BUG,FALSE_ALARM,PRIVATE_OR_CLEANED_STATE,"The reported effect belongs to an unpublished object, output/cursor, or temporary cache, or is removed by the reviewed error cleanup; no live metadata owner retains it.",,2026-07-24
XFS-020,xfs,20,xfs_dir2_leaf_lookup_int,linux-sources/linux-v6.14-fs/fs/xfs/libxfs/xfs_dir2_leaf.c,1331,"xfs_dir3_data_read(tp, dp, args->owner, xfs_dir2_db_to_da(args->geo, newdb), 0, &dbp)",1336,return error;,args->trans.xfs_trans_brelse:ADD@1330;tp.xfs_trans_brelse:ADD@1292;tp.xfs_trans_buf_set_type:ADD@1292;leafhdr.count:SET@1300,FALSE_POSITIVE,NO_BUG,FALSE_ALARM,PRIVATE_OR_CLEANED_STATE,"The reported effect belongs to an unpublished object, output/cursor, or temporary cache, or is removed by the reviewed error cleanup; no live metadata owner retains it.",,2026-07-24
XFS-021,xfs,21,xfs_dir2_leaf_lookup_int,linux-sources/linux-v6.14-fs/fs/xfs/libxfs/xfs_dir2_leaf.c,1373,"xfs_dir3_data_read(tp, dp, args->owner, xfs_dir2_db_to_da(args->geo, cidb), 0, &dbp)",1378,return error;,args->trans.xfs_trans_brelse:ADD@1330;args->trans.xfs_trans_brelse:ADD@1372;tp.xfs_trans_brelse:ADD@1292;tp.xfs_trans_buf_set_type:ADD@1292;leafhdr.count:SET@1300,FALSE_POSITIVE,NO_BUG,FALSE_ALARM,PRIVATE_OR_CLEANED_STATE,"The reported effect belongs to an unpublished object, output/cursor, or temporary cache, or is removed by the reviewed error cleanup; no live metadata owner retains it.",,2026-07-24
XFS-022,xfs,22,xfs_inobt_insert_sprec,linux-sources/linux-v6.14-fs/fs/xfs/libxfs/xfs_ialloc.c,618,"xfs_inobt_rec_check_count(mp, nrec)",631,return error;,nrec.ir_count:INC@614,FALSE_POSITIVE,NO_BUG,FALSE_ALARM,PRIVATE_OR_CLEANED_STATE,"The reported effect belongs to an unpublished object, output/cursor, or temporary cache, or is removed by the reviewed error cleanup; no live metadata owner retains it.",,2026-07-24
XFS-023,xfs,23,xfs_inobt_insert_sprec,linux-sources/linux-v6.14-fs/fs/xfs/libxfs/xfs_ialloc.c,622,"xfs_inobt_update(cur, nrec)",631,return error;,nrec.ir_count:INC@614,FALSE_POSITIVE,NO_BUG,FALSE_ALARM,PRIVATE_OR_CLEANED_STATE,"The reported effect belongs to an unpublished object, output/cursor, or temporary cache, or is removed by the reviewed error cleanup; no live metadata owner retains it.",,2026-07-24
XFS-024,xfs,24,xfs_dialloc_try_ag,linux-sources/linux-v6.14-fs/fs/xfs/libxfs/xfs_ialloc.c,1819,"xfs_ialloc_ag_alloc(pag, *tpp, agbp)",1842,return error;,pag.pagi_count:SET@1809;pag->pag_opstate.bit:XFS_AGSTATE_AGI_INIT:SET@1809,FALSE_POSITIVE,NO_BUG,FALSE_ALARM,PRIVATE_OR_CLEANED_STATE,"The reported effect belongs to an unpublished object, output/cursor, or temporary cache, or is removed by the reviewed error cleanup; no live metadata owner retains it.",,2026-07-24
XFS-025,xfs,25,xfs_difree_inobt,linux-sources/linux-v6.14-fs/fs/xfs/libxfs/xfs_ialloc.c,2191,xfs_check_agi_freecount(cur),2201,return error;,xic.alloc:SET@2147;tp.xfs_trans_mod_sb:ADD@2160;tp.xfs_trans_mod_sb:ADD@2161;tp.xfs_trans_mod_sb:ADD@2188,TRUE_RESIDUAL,NO_BUG,CONTAINED_NOT_BUG,TRANSACTION_OR_FATAL_CONTAINMENT,"The mutation can remain at this function return, but the caller cancels/aborts the dirty transaction or shuts down the filesystem, so the state cannot continue as ordinary live metadata.",,2026-07-24
XFS-026,xfs,26,xfs_difree,linux-sources/linux-v6.14-fs/fs/xfs/libxfs/xfs_ialloc.c,2372,"xfs_difree_inobt(pag, tp, agbp, agino, xic, &rec)",2388,return error;,pag.pagi_count:SET@2362;pag->pag_opstate.bit:XFS_AGSTATE_AGI_INIT:SET@2362,TRUE_RESIDUAL,NO_BUG,CONTAINED_NOT_BUG,TRANSACTION_OR_FATAL_CONTAINMENT,"The mutation can remain at this function return, but the caller cancels/aborts the dirty transaction or shuts down the filesystem, so the state cannot continue as ordinary live metadata.",,2026-07-24
XFS-027,xfs,27,xfs_difree,linux-sources/linux-v6.14-fs/fs/xfs/libxfs/xfs_ialloc.c,2380,"xfs_difree_finobt(pag, tp, agbp, agino, &rec)",2388,return error;,pag.pagi_count:SET@2362;pag->pag_opstate.bit:XFS_AGSTATE_AGI_INIT:SET@2362;xic.alloc:SET@2372;tp.xfs_trans_mod_sb:ADD@2372,TRUE_RESIDUAL,NO_BUG,CONTAINED_NOT_BUG,TRANSACTION_OR_FATAL_CONTAINMENT,"The mutation can remain at this function return, but the caller cancels/aborts the dirty transaction or shuts down the filesystem, so the state cannot continue as ordinary live metadata.",,2026-07-24
XFS-028,xfs,28,xfs_imap_lookup,linux-sources/linux-v6.14-fs/fs/xfs/libxfs/xfs_ialloc.c,2426,"xfs_inobt_get_rec(cur, &rec, &i)",2434,return error;,pag.pagi_count:SET@2408;pag->pag_opstate.bit:XFS_AGSTATE_AGI_INIT:SET@2408,FALSE_POSITIVE,NO_BUG,FALSE_ALARM,PRIVATE_OR_CLEANED_STATE,"The reported effect belongs to an unpublished object, output/cursor, or temporary cache, or is removed by the reviewed error cleanup; no live metadata owner retains it.",,2026-07-24
XFS-029,xfs,29,xfs_inode_from_disk,linux-sources/linux-v6.14-fs/fs/xfs/libxfs/xfs_inode_buf.c,258,"xfs_iformat_data_fork(ip, from)",260,return error;,inode.i_generation:SET@202;inode.i_mode:SET@203,FALSE_POSITIVE,NO_BUG,FALSE_ALARM,PRIVATE_OR_CLEANED_STATE,"The reported effect belongs to an unpublished object, output/cursor, or temporary cache, or is removed by the reviewed error cleanup; no live metadata owner retains it.",,2026-07-24
XFS-030,xfs,30,xfs_inode_from_disk,linux-sources/linux-v6.14-fs/fs/xfs/libxfs/xfs_inode_buf.c,262,"xfs_iformat_attr_fork(ip, from)",272,return error;,inode.i_generation:SET@202;inode.i_mode:SET@203,FALSE_POSITIVE,NO_BUG,FALSE_ALARM,PRIVATE_OR_CLEANED_STATE,"The reported effect belongs to an unpublished object, output/cursor, or temporary cache, or is removed by the reviewed error cleanup; no live metadata owner retains it.",,2026-07-24
XFS-031,xfs,31,xfs_refcount_insert,linux-sources/linux-v6.14-fs/fs/xfs/libxfs/xfs_refcount.c,279,"xfs_btree_insert(cur, i)",291,return error;,cur->bc_rec.rc.rc_refcount:SET@276,FALSE_POSITIVE,NO_BUG,FALSE_ALARM,PRIVATE_OR_CLEANED_STATE,"The reported effect belongs to an unpublished object, output/cursor, or temporary cache, or is removed by the reviewed error cleanup; no live metadata owner retains it.",,2026-07-24
XFS-032,xfs,32,xfs_refcount_insert,linux-sources/linux-v6.14-fs/fs/xfs/libxfs/xfs_refcount.c,279,"xfs_btree_insert(cur, i)",291,return error;,cur->bc_rec.rc.rc_refcount:SET@276,FALSE_POSITIVE,NO_BUG,FALSE_ALARM,PRIVATE_OR_CLEANED_STATE,"The reported effect belongs to an unpublished object, output/cursor, or temporary cache, or is removed by the reviewed error cleanup; no live metadata owner retains it.",,2026-07-24
XFS-033,xfs,33,xfs_refcount_adjust_extents,linux-sources/linux-v6.14-fs/fs/xfs/libxfs/xfs_refcount.c,1212,"xrefc_free_extent(cur, &tmp)",1288,return error;,cur->bc_rec.rc.rc_refcount:SET@1201,FALSE_POSITIVE,NO_BUG,FALSE_ALARM,PRIVATE_OR_CLEANED_STATE,"The reported effect belongs to an unpublished object, output/cursor, or temporary cache, or is removed by the reviewed error cleanup; no live metadata owner retains it.",,2026-07-24
XFS-034,xfs,34,xfs_refcount_adjust_extents,linux-sources/linux-v6.14-fs/fs/xfs/libxfs/xfs_refcount.c,1225,"xfs_refcount_lookup_ge(cur, XFS_REFC_DOMAIN_SHARED, *agbno, &found_rec)",1288,return error;,cur->bc_rec.rc.rc_refcount:SET@1201,FALSE_POSITIVE,NO_BUG,FALSE_ALARM,PRIVATE_OR_CLEANED_STATE,"The reported effect belongs to an unpublished object, output/cursor, or temporary cache, or is removed by the reviewed error cleanup; no live metadata owner retains it.",,2026-07-24
XFS-035,xfs,35,xfs_refcount_adjust_extents,linux-sources/linux-v6.14-fs/fs/xfs/libxfs/xfs_refcount.c,1256,"xfs_refcount_update(cur, &ext)",1288,return error;,cur->bc_rec.rc.rc_refcount:SET@1201,FALSE_POSITIVE,NO_BUG,FALSE_ALARM,PRIVATE_OR_CLEANED_STATE,"The reported effect belongs to an unpublished object, output/cursor, or temporary cache, or is removed by the reviewed error cleanup; no live metadata owner retains it.",,2026-07-24
XFS-036,xfs,36,xfs_refcount_adjust_extents,linux-sources/linux-v6.14-fs/fs/xfs/libxfs/xfs_refcount.c,1260,"xfs_refcount_delete(cur, &found_rec)",1288,return error;,cur->bc_rec.rc.rc_refcount:SET@1201,FALSE_POSITIVE,NO_BUG,FALSE_ALARM,PRIVATE_OR_CLEANED_STATE,"The reported effect belongs to an unpublished object, output/cursor, or temporary cache, or is removed by the reviewed error cleanup; no live metadata owner retains it.",,2026-07-24
XFS-037,xfs,37,xfs_refcount_adjust_extents,linux-sources/linux-v6.14-fs/fs/xfs/libxfs/xfs_refcount.c,1270,"xrefc_free_extent(cur, &ext)",1288,return error;,cur->bc_rec.rc.rc_refcount:SET@1201,FALSE_POSITIVE,NO_BUG,FALSE_ALARM,PRIVATE_OR_CLEANED_STATE,"The reported effect belongs to an unpublished object, output/cursor, or temporary cache, or is removed by the reviewed error cleanup; no live metadata owner retains it.",,2026-07-24
XFS-038,xfs,38,xfs_refcount_adjust_extents,linux-sources/linux-v6.14-fs/fs/xfs/libxfs/xfs_refcount.c,1276,"xfs_btree_increment(cur, 0, &found_rec)",1288,return error;,cur->bc_rec.rc.rc_refcount:SET@1201,FALSE_POSITIVE,NO_BUG,FALSE_ALARM,PRIVATE_OR_CLEANED_STATE,"The reported effect belongs to an unpublished object, output/cursor, or temporary cache, or is removed by the reviewed error cleanup; no live metadata owner retains it.",,2026-07-24
XFS-039,xfs,39,xfs_rtgroup_alloc,linux-sources/linux-v6.14-fs/fs/xfs/libxfs/xfs_rtgroup.c,81,"xfs_group_insert(mp, rtg_group(rtg), rgno, XG_TYPE_RTG)",88,return error;,rtg_group(rtg).xg_block_count:SET@79,FALSE_POSITIVE,NO_BUG,FALSE_ALARM,PRIVATE_OR_CLEANED_STATE,"The reported effect belongs to an unpublished object, output/cursor, or temporary cache, or is removed by the reviewed error cleanup; no live metadata owner retains it.",,2026-07-24
XFS-040,xfs,40,xrep_agf_calc_from_btrees,linux-sources/linux-v6.14-fs/fs/xfs/scrub/agheader_repair.c,298,"xfs_btree_count_blocks(cur, &blocks)",308,return error;,agf.agf_rmap_blocks:SET@289,FALSE_POSITIVE,NO_BUG,FALSE_ALARM,PRIVATE_OR_CLEANED_STATE,"The reported effect belongs to an unpublished object, output/cursor, or temporary cache, or is removed by the reviewed error cleanup; no live metadata owner retains it.",,2026-07-24
XFS-041,xfs,41,xrep_agf,linux-sources/linux-v6.14-fs/fs/xfs/scrub/agheader_repair.c,432,"xrep_agf_calc_from_btrees(sc, agf_bp)",443,return error;,agf.agf_bno_root:SET@431;agf.agf_cnt_root:SET@431;agf.agf_rmap_root:SET@431;agf.agf_refcount_root:SET@431;agf.agf_refcount_level:SET@431,FALSE_POSITIVE,NO_BUG,FALSE_ALARM,PRIVATE_OR_CLEANED_STATE,"The reported effect belongs to an unpublished object, output/cursor, or temporary cache, or is removed by the reviewed error cleanup; no live metadata owner retains it.",,2026-07-24
XFS-042,xfs,42,xrep_agi_calc_from_btrees,linux-sources/linux-v6.14-fs/fs/xfs/scrub/agheader_repair.c,965,"xfs_btree_count_blocks(cur, &blocks)",975,return error;,agi.agi_count:SET@958,FALSE_POSITIVE,NO_BUG,FALSE_ALARM,PRIVATE_OR_CLEANED_STATE,"The reported effect belongs to an unpublished object, output/cursor, or temporary cache, or is removed by the reviewed error cleanup; no live metadata owner retains it.",,2026-07-24
XFS-043,xfs,43,xrep_agi,linux-sources/linux-v6.14-fs/fs/xfs/scrub/agheader_repair.c,1753,"xfarray_create(descr, 0, sizeof(xfs_agino_t), &ragi->iunlink_prev)",1757,return error;,ragi->iunlink_next.obj_size_log:SET@1746,FALSE_POSITIVE,NO_BUG,FALSE_ALARM,PRIVATE_OR_CLEANED_STATE,"The reported effect belongs to an unpublished object, output/cursor, or temporary cache, or is removed by the reviewed error cleanup; no live metadata owner retains it.",,2026-07-24
XFS-044,xfs,44,xrep_agi,linux-sources/linux-v6.14-fs/fs/xfs/scrub/agheader_repair.c,1763,"xfs_trans_read_buf(mp, sc->tp, mp->m_ddev_targp, XFS_AG_DADDR(mp, pag_agno(sc->sa.pag), XFS_AGI_DADDR(mp)), XFS_FSS_TO_BB(mp, 1), 0, &ragi->agi_bp, NULL)",1768,return error;,ragi->iunlink_next.obj_size_log:SET@1746;ragi->iunlink_prev.obj_size_log:SET@1753,FALSE_POSITIVE,NO_BUG,FALSE_ALARM,PRIVATE_OR_CLEANED_STATE,"The reported effect belongs to an unpublished object, output/cursor, or temporary cache, or is removed by the reviewed error cleanup; no live metadata owner retains it.",,2026-07-24
XFS-045,xfs,45,xrep_agi,linux-sources/linux-v6.14-fs/fs/xfs/scrub/agheader_repair.c,1772,xrep_agi_find_btrees(ragi),1774,return error;,mp.xfs_trans_read_buf:ADD@1763;ragi->iunlink_next.obj_size_log:SET@1746;ragi->iunlink_prev.obj_size_log:SET@1753,FALSE_POSITIVE,NO_BUG,FALSE_ALARM,PRIVATE_OR_CLEANED_STATE,"The reported effect belongs to an unpublished object, output/cursor, or temporary cache, or is removed by the reviewed error cleanup; no live metadata owner retains it.",,2026-07-24
XFS-046,xfs,46,xrep_abt_find_freespace,linux-sources/linux-v6.14-fs/fs/xfs/scrub/alloc_repair.c,392,"xfs_alloc_read_agfl(sc->sa.pag, sc->tp, &agfl_bp)",412,return error;,ra.nr_blocks:INC@386,FALSE_POSITIVE,NO_BUG,FALSE_ALARM,PRIVATE_OR_CLEANED_STATE,"The reported effect belongs to an unpublished object, output/cursor, or temporary cache, or is removed by the reviewed error cleanup; no live metadata owner retains it.",,2026-07-24
XFS-047,xfs,47,xrep_abt_find_freespace,linux-sources/linux-v6.14-fs/fs/xfs/scrub/alloc_repair.c,396,"xfs_agfl_walk(mp, agf, agfl_bp, xrep_abt_walk_agfl, ra)",412,return error;,ra.nr_blocks:INC@386,FALSE_POSITIVE,NO_BUG,FALSE_ALARM,PRIVATE_OR_CLEANED_STATE,"The reported effect belongs to an unpublished object, output/cursor, or temporary cache, or is removed by the reviewed error cleanup; no live metadata owner retains it.",,2026-07-24
XFS-048,xfs,48,xrep_abt_find_freespace,linux-sources/linux-v6.14-fs/fs/xfs/scrub/alloc_repair.c,401,"xagb_bitmap_disunion(&ra->old_allocbt_blocks, &ra->not_allocbt_blocks)",412,return error;,ra.nr_blocks:INC@386,FALSE_POSITIVE,NO_BUG,FALSE_ALARM,PRIVATE_OR_CLEANED_STATE,"The reported effect belongs to an unpublished object, output/cursor, or temporary cache, or is removed by the reviewed error cleanup; no live metadata owner retains it.",,2026-07-24
XFS-049,xfs,49,xrep_allocbt,linux-sources/linux-v6.14-fs/fs/xfs/scrub/alloc_repair.c,889,xrep_abt_find_freespace(ra),908,return error;,ra->free_records.obj_size_log:SET@880,FALSE_POSITIVE,NO_BUG,FALSE_ALARM,PRIVATE_OR_CLEANED_STATE,"The reported effect belongs to an unpublished object, output/cursor, or temporary cache, or is removed by the reviewed error cleanup; no live metadata owner retains it.",,2026-07-24
XFS-050,xfs,50,xrep_allocbt,linux-sources/linux-v6.14-fs/fs/xfs/scrub/alloc_repair.c,899,xrep_abt_remove_old_trees(ra),908,return error;,ra->free_records.obj_size_log:SET@880;ra->new_bnobt.bload.claim_block:SET@894;ra->new_cntbt.bload.claim_block:SET@894;ra.xrep_abt_reserve_space:RESERVE@894;ra.xrep_abt_dispose_reservations:RESERVE@894,FALSE_POSITIVE,NO_BUG,FALSE_ALARM,PRIVATE_OR_CLEANED_STATE,"The reported effect belongs to an unpublished object, output/cursor, or temporary cache, or is removed by the reviewed error cleanup; no live metadata owner retains it.",,2026-07-24
XFS-051,xfs,51,xrep_xattr_setup_scan,linux-sources/linux-v6.14-fs/fs/xfs/scrub/attr_repair.c,1566,"xfblob_create(descr, &rx->xattr_blobs)",1609,return error;,rx->xattr_records.obj_size_log:SET@1559,FALSE_POSITIVE,NO_BUG,FALSE_ALARM,PRIVATE_OR_CLEANED_STATE,"The reported effect belongs to an unpublished object, output/cursor, or temporary cache, or is removed by the reviewed error cleanup; no live metadata owner retains it.",,2026-07-24
XFS-052,xfs,52,xrep_xattr_setup_scan,linux-sources/linux-v6.14-fs/fs/xfs/scrub/attr_repair.c,1576,"xfarray_create(descr, 0, sizeof(struct xrep_xattr_pptr), &rx->pptr_recs)",1609,return error;,rx->xattr_records.obj_size_log:SET@1559,FALSE_POSITIVE,NO_BUG,FALSE_ALARM,PRIVATE_OR_CLEANED_STATE,"The reported effect belongs to an unpublished object, output/cursor, or temporary cache, or is removed by the reviewed error cleanup; no live metadata owner retains it.",,2026-07-24
XFS-053,xfs,53,xrep_xattr_setup_scan,linux-sources/linux-v6.14-fs/fs/xfs/scrub/attr_repair.c,1585,"xfblob_create(descr, &rx->pptr_names)",1609,return error;,rx->xattr_records.obj_size_log:SET@1559;rx->pptr_recs.obj_size_log:SET@1576,FALSE_POSITIVE,NO_BUG,FALSE_ALARM,PRIVATE_OR_CLEANED_STATE,"The reported effect belongs to an unpublished object, output/cursor, or temporary cache, or is removed by the reviewed error cleanup; no live metadata owner retains it.",,2026-07-24
XFS-054,xfs,54,xrep_xattr_setup_scan,linux-sources/linux-v6.14-fs/fs/xfs/scrub/attr_repair.c,1591,"xfs_dir_hook_add(sc->mp, &rx->dhook)",1609,return error;,rx->xattr_records.obj_size_log:SET@1559;rx->pptr_recs.obj_size_log:SET@1576,FALSE_POSITIVE,NO_BUG,FALSE_ALARM,PRIVATE_OR_CLEANED_STATE,"The reported effect belongs to an unpublished object, output/cursor, or temporary cache, or is removed by the reviewed error cleanup; no live metadata owner retains it.",,2026-07-24
XFS-055,xfs,55,xrep_xattr,linux-sources/linux-v6.14-fs/fs/xfs/scrub/attr_repair.c,1656,xrep_xattr_rebuild_tree(rx),1662,return error;,rx->xname.name:SET@1637;rx->sc->tp.xfs_trans_roll:ADD@1643,FALSE_POSITIVE,NO_BUG,FALSE_ALARM,PRIVATE_OR_CLEANED_STATE,"The reported effect belongs to an unpublished object, output/cursor, or temporary cache, or is removed by the reviewed error cleanup; no live metadata owner retains it.",,2026-07-24
XFS-056,xfs,56,xrep_bmap_build_new_fork,linux-sources/linux-v6.14-fs/fs/xfs/scrub/bmap_repair.c,805,xrep_bmap_reset_counters(rb),821,return error;,rb->new_bmapbt.bload.claim_block:SET@770,FALSE_POSITIVE,NO_BUG,FALSE_ALARM,PRIVATE_OR_CLEANED_STATE,"The reported effect belongs to an unpublished object, output/cursor, or temporary cache, or is removed by the reviewed error cleanup; no live metadata owner retains it.",,2026-07-24
XFS-057,xfs,57,xrep_bmap_build_new_fork,linux-sources/linux-v6.14-fs/fs/xfs/scrub/bmap_repair.c,810,xrep_newbt_commit(&rb->new_bmapbt),812,return error;,rb->new_bmapbt.bload.claim_block:SET@770,FALSE_POSITIVE,NO_BUG,FALSE_ALARM,PRIVATE_OR_CLEANED_STATE,"The reported effect belongs to an unpublished object, output/cursor, or temporary cache, or is removed by the reviewed error cleanup; no live metadata owner retains it.",,2026-07-24
XFS-058,xfs,58,xrep_bmap,linux-sources/linux-v6.14-fs/fs/xfs/scrub/bmap_repair.c,970,xrep_bmap_remove_old_tree(rb),979,return error;,rb->bmap_records.obj_size_log:SET@950;rb->new_bmapbt.bload.claim_block:SET@965,FALSE_POSITIVE,NO_BUG,FALSE_ALARM,PRIVATE_OR_CLEANED_STATE,"The reported effect belongs to an unpublished object, output/cursor, or temporary cache, or is removed by the reviewed error cleanup; no live metadata owner retains it.",,2026-07-24
XFS-059,xfs,59,xchk_btree_get_block,linux-sources/linux-v6.14-fs/fs/xfs/scrub/btree.c,619,"xchk_btree_block_check_siblings(bs, *pblock)",621,return error;,bs->to_check.list_membership:ADD@611,FALSE_POSITIVE,NO_BUG,FALSE_ALARM,PRIVATE_OR_CLEANED_STATE,"The reported effect belongs to an unpublished object, output/cursor, or temporary cache, or is removed by the reviewed error cleanup; no live metadata owner retains it.",,2026-07-24
XFS-060,xfs,60,xchk_da_btree,linux-sources/linux-v6.14-fs/fs/xfs/scrub/dabtree.c,563,"scrub_fn(ds, level)",620,return error;,ds.tree_level:SET@538,FALSE_POSITIVE,NO_BUG,FALSE_ALARM,PRIVATE_OR_CLEANED_STATE,"The reported effect belongs to an unpublished object, output/cursor, or temporary cache, or is removed by the reviewed error cleanup; no live metadata owner retains it.",,2026-07-24
XFS-061,xfs,61,xchk_da_btree,linux-sources/linux-v6.14-fs/fs/xfs/scrub/dabtree.c,586,"xchk_da_btree_hash(ds, level, &key->hashval)",620,return error;,ds.tree_level:SET@538,FALSE_POSITIVE,NO_BUG,FALSE_ALARM,PRIVATE_OR_CLEANED_STATE,"The reported effect belongs to an unpublished object, output/cursor, or temporary cache, or is removed by the reviewed error cleanup; no live metadata owner retains it.",,2026-07-24
XFS-062,xfs,62,xchk_da_btree,linux-sources/linux-v6.14-fs/fs/xfs/scrub/dabtree.c,599,"xchk_da_btree_block(ds, level, blkno)",620,return error;,ds.tree_level:SET@538,FALSE_POSITIVE,NO_BUG,FALSE_ALARM,PRIVATE_OR_CLEANED_STATE,"The reported effect belongs to an unpublished object, output/cursor, or temporary cache, or is removed by the reviewed error cleanup; no live metadata owner retains it.",,2026-07-24
XFS-063,xfs,63,xchk_directory,linux-sources/linux-v6.14-fs/fs/xfs/scrub/dir.c,1119,"xfblob_create(descr, &sd->dir_names)",1152,return error;,sd->dir_entries.obj_size_log:SET@1112,FALSE_POSITIVE,NO_BUG,FALSE_ALARM,PRIVATE_OR_CLEANED_STATE,"The reported effect belongs to an unpublished object, output/cursor, or temporary cache, or is removed by the reviewed error cleanup; no live metadata owner retains it.",,2026-07-24
XFS-064,xfs,64,xchk_directory,linux-sources/linux-v6.14-fs/fs/xfs/scrub/dir.c,1126,"xchk_dir_walk(sc, sc->ip, xchk_dir_actor, sd)",1152,return error;,sd->dir_entries.obj_size_log:SET@1112,FALSE_POSITIVE,NO_BUG,FALSE_ALARM,PRIVATE_OR_CLEANED_STATE,"The reported effect belongs to an unpublished object, output/cursor, or temporary cache, or is removed by the reviewed error cleanup; no live metadata owner retains it.",,2026-07-24
XFS-065,xfs,65,xchk_directory,linux-sources/linux-v6.14-fs/fs/xfs/scrub/dir.c,1133,xchk_dir_finish_slow_dirents(sd),1152,return error;,sd->dir_entries.obj_size_log:SET@1112,FALSE_POSITIVE,NO_BUG,FALSE_ALARM,PRIVATE_OR_CLEANED_STATE,"The reported effect belongs to an unpublished object, output/cursor, or temporary cache, or is removed by the reviewed error cleanup; no live metadata owner retains it.",,2026-07-24
XFS-066,xfs,66,xchk_directory,linux-sources/linux-v6.14-fs/fs/xfs/scrub/dir.c,1133,xchk_dir_finish_slow_dirents(sd),1152,return error;,sd->dir_entries.obj_size_log:SET@1112,FALSE_POSITIVE,NO_BUG,FALSE_ALARM,PRIVATE_OR_CLEANED_STATE,"The reported effect belongs to an unpublished object, output/cursor, or temporary cache, or is removed by the reviewed error cleanup; no live metadata owner retains it.",,2026-07-24
XFS-067,xfs,67,xrep_dir_setup_scan,linux-sources/linux-v6.14-fs/fs/xfs/scrub/dir_repair.c,1803,"xfblob_create(descr, &rd->dir_names)",1824,return error;,rd->dir_entries.obj_size_log:SET@1796,FALSE_POSITIVE,NO_BUG,FALSE_ALARM,PRIVATE_OR_CLEANED_STATE,"The reported effect belongs to an unpublished object, output/cursor, or temporary cache, or is removed by the reviewed error cleanup; no live metadata owner retains it.",,2026-07-24
XFS-068,xfs,68,xrep_dir_setup_scan,linux-sources/linux-v6.14-fs/fs/xfs/scrub/dir_repair.c,1812,"xrep_findparent_scan_start(sc, &rd->pscan)",1824,return error;,rd->dir_entries.obj_size_log:SET@1796,FALSE_POSITIVE,NO_BUG,FALSE_ALARM,PRIVATE_OR_CLEANED_STATE,"The reported effect belongs to an unpublished object, output/cursor, or temporary cache, or is removed by the reviewed error cleanup; no live metadata owner retains it.",,2026-07-24
XFS-069,xfs,69,xchk_setup_dirtree,linux-sources/linux-v6.14-fs/fs/xfs/scrub/dirtree.c,127,"xfblob_create(descr, &dl->path_names)",147,return error;,dl->path_steps.obj_size_log:SET@120,FALSE_POSITIVE,NO_BUG,FALSE_ALARM,PRIVATE_OR_CLEANED_STATE,"The reported effect belongs to an unpublished object, output/cursor, or temporary cache, or is removed by the reviewed error cleanup; no live metadata owner retains it.",,2026-07-24
XFS-070,xfs,70,xchk_setup_dirtree,linux-sources/linux-v6.14-fs/fs/xfs/scrub/dirtree.c,132,"xchk_setup_inode_contents(sc, 0)",147,return error;,dl->path_steps.obj_size_log:SET@120,FALSE_POSITIVE,NO_BUG,FALSE_ALARM,PRIVATE_OR_CLEANED_STATE,"The reported effect belongs to an unpublished object, output/cursor, or temporary cache, or is removed by the reviewed error cleanup; no live metadata owner retains it.",,2026-07-24
XFS-071,xfs,71,xchk_dirtree,linux-sources/linux-v6.14-fs/fs/xfs/scrub/dirtree.c,944,"xfs_dir_hook_add(sc->mp, &dl->dhook)",995,return error;,dl.root_ino:SET@931,FALSE_POSITIVE,NO_BUG,FALSE_ALARM,PRIVATE_OR_CLEANED_STATE,"The reported effect belongs to an unpublished object, output/cursor, or temporary cache, or is removed by the reviewed error cleanup; no live metadata owner retains it.",,2026-07-24
XFS-072,xfs,72,xchk_dirtree,linux-sources/linux-v6.14-fs/fs/xfs/scrub/dirtree.c,951,xchk_dirtree_find_paths_to_root(dl),995,return error;,dl.root_ino:SET@931,FALSE_POSITIVE,NO_BUG,FALSE_ALARM,PRIVATE_OR_CLEANED_STATE,"The reported effect belongs to an unpublished object, output/cursor, or temporary cache, or is removed by the reviewed error cleanup; no live metadata owner retains it.",,2026-07-24
XFS-073,xfs,73,xrep_ibt_cluster_record,linux-sources/linux-v6.14-fs/fs/xfs/scrub/ialloc_repair.c,265,"xrep_ibt_check_ifree(ri, cluster_ir_startino, cluster_bp, cluster_index, &inuse)",268,return error;,ri->rie.ir_free:SET@249;ri->rie.ir_count:INC@256,FALSE_POSITIVE,NO_BUG,FALSE_ALARM,PRIVATE_OR_CLEANED_STATE,"The reported effect belongs to an unpublished object, output/cursor, or temporary cache, or is removed by the reviewed error cleanup; no live metadata owner retains it.",,2026-07-24
XFS-074,xfs,74,xrep_ibt_build_new_trees,linux-sources/linux-v6.14-fs/fs/xfs/scrub/ialloc_repair.c,662,"xfs_btree_bload_compute_geometry(ino_cur, &ri->new_inobt.bload, xfarray_length(ri->inode_records))",758,return error;,ri->new_inobt.bload.claim_block:SET@657,FALSE_POSITIVE,NO_BUG,FALSE_ALARM,PRIVATE_OR_CLEANED_STATE,"The reported effect belongs to an unpublished object, output/cursor, or temporary cache, or is removed by the reviewed error cleanup; no live metadata owner retains it.",,2026-07-24
XFS-075,xfs,75,xrep_ibt_build_new_trees,linux-sources/linux-v6.14-fs/fs/xfs/scrub/ialloc_repair.c,682,"xfs_btree_bload_compute_geometry(fino_cur, &ri->new_finobt.bload, ri->finobt_recs)",758,return error;,ri->new_inobt.bload.claim_block:SET@657;ri->new_finobt.bload.claim_block:SET@677,FALSE_POSITIVE,NO_BUG,FALSE_ALARM,PRIVATE_OR_CLEANED_STATE,"The reported effect belongs to an unpublished object, output/cursor, or temporary cache, or is removed by the reviewed error cleanup; no live metadata owner retains it.",,2026-07-24
XFS-076,xfs,76,xrep_ibt_build_new_trees,linux-sources/linux-v6.14-fs/fs/xfs/scrub/ialloc_repair.c,693,"xrep_newbt_alloc_blocks(&ri->new_inobt, ri->new_inobt.bload.nr_blocks)",758,return error;,ri->new_inobt.bload.claim_block:SET@657;ri->new_finobt.bload.claim_block:SET@677,FALSE_POSITIVE,NO_BUG,FALSE_ALARM,PRIVATE_OR_CLEANED_STATE,"The reported effect belongs to an unpublished object, output/cursor, or temporary cache, or is removed by the reviewed error cleanup; no live metadata owner retains it.",,2026-07-24
XFS-077,xfs,77,xrep_ibt_build_new_trees,linux-sources/linux-v6.14-fs/fs/xfs/scrub/ialloc_repair.c,699,"xrep_newbt_alloc_blocks(&ri->new_finobt, ri->new_finobt.bload.nr_blocks)",758,return error;,ri->new_inobt.bload.claim_block:SET@657;ri->new_finobt.bload.claim_block:SET@677,FALSE_POSITIVE,NO_BUG,FALSE_ALARM,PRIVATE_OR_CLEANED_STATE,"The reported effect belongs to an unpublished object, output/cursor, or temporary cache, or is removed by the reviewed error cleanup; no live metadata owner retains it.",,2026-07-24
XFS-078,xfs,78,xrep_ibt_build_new_trees,linux-sources/linux-v6.14-fs/fs/xfs/scrub/ialloc_repair.c,707,"xfs_btree_bload(ino_cur, &ri->new_inobt.bload, ri)",758,return error;,ri->new_inobt.bload.claim_block:SET@657;ri->new_finobt.bload.claim_block:SET@677,FALSE_POSITIVE,NO_BUG,FALSE_ALARM,PRIVATE_OR_CLEANED_STATE,"The reported effect belongs to an unpublished object, output/cursor, or temporary cache, or is removed by the reviewed error cleanup; no live metadata owner retains it.",,2026-07-24
XFS-079,xfs,79,xrep_ibt_build_new_trees,linux-sources/linux-v6.14-fs/fs/xfs/scrub/ialloc_repair.c,714,"xfs_btree_bload(fino_cur, &ri->new_finobt.bload, ri)",758,return error;,ri->new_inobt.bload.claim_block:SET@657;ri->new_finobt.bload.claim_block:SET@677,FALSE_POSITIVE,NO_BUG,FALSE_ALARM,PRIVATE_OR_CLEANED_STATE,"The reported effect belongs to an unpublished object, output/cursor, or temporary cache, or is removed by the reviewed error cleanup; no live metadata owner retains it.",,2026-07-24
XFS-080,xfs,80,xrep_ibt_build_new_trees,linux-sources/linux-v6.14-fs/fs/xfs/scrub/ialloc_repair.c,732,xrep_ibt_reset_counters(ri),758,return error;,ri->new_inobt.bload.claim_block:SET@657;ri->new_finobt.bload.claim_block:SET@677,FALSE_POSITIVE,NO_BUG,FALSE_ALARM,PRIVATE_OR_CLEANED_STATE,"The reported effect belongs to an unpublished object, output/cursor, or temporary cache, or is removed by the reviewed error cleanup; no live metadata owner retains it.",,2026-07-24
XFS-081,xfs,81,xrep_ibt_build_new_trees,linux-sources/linux-v6.14-fs/fs/xfs/scrub/ialloc_repair.c,738,xrep_newbt_commit(&ri->new_finobt),758,return error;,ri->new_inobt.bload.claim_block:SET@657;ri->new_finobt.bload.claim_block:SET@677,FALSE_POSITIVE,NO_BUG,FALSE_ALARM,PRIVATE_OR_CLEANED_STATE,"The reported effect belongs to an unpublished object, output/cursor, or temporary cache, or is removed by the reviewed error cleanup; no live metadata owner retains it.",,2026-07-24
XFS-082,xfs,82,xrep_ibt_build_new_trees,linux-sources/linux-v6.14-fs/fs/xfs/scrub/ialloc_repair.c,742,xrep_newbt_commit(&ri->new_inobt),744,return error;,ri->new_inobt.bload.claim_block:SET@657;ri->new_finobt.bload.claim_block:SET@677,FALSE_POSITIVE,NO_BUG,FALSE_ALARM,PRIVATE_OR_CLEANED_STATE,"The reported effect belongs to an unpublished object, output/cursor, or temporary cache, or is removed by the reviewed error cleanup; no live metadata owner retains it.",,2026-07-24
XFS-083,xfs,83,xrep_iallocbt,linux-sources/linux-v6.14-fs/fs/xfs/scrub/ialloc_repair.c,839,xrep_ibt_remove_old_trees(ri),848,return error;,ri->inode_records.obj_size_log:SET@820;ri->new_inobt.bload.claim_block:SET@834;ri->new_finobt.bload.claim_block:SET@834,FALSE_POSITIVE,NO_BUG,FALSE_ALARM,PRIVATE_OR_CLEANED_STATE,"The reported effect belongs to an unpublished object, output/cursor, or temporary cache, or is removed by the reviewed error cleanup; no live metadata owner retains it.",,2026-07-24
XFS-084,xfs,84,xrep_newbt_alloc_ag_blocks,linux-sources/linux-v6.14-fs/fs/xfs/scrub/newbt.c,285,"xfs_alloc_vextent_near_bno(&args, xnr->alloc_hint)",288,return error;,xnr.alloc_hint:SET@280,FALSE_POSITIVE,NO_BUG,FALSE_ALARM,PRIVATE_OR_CLEANED_STATE,"The reported effect belongs to an unpublished object, output/cursor, or temporary cache, or is removed by the reviewed error cleanup; no live metadata owner retains it.",,2026-07-24
XFS-085,xfs,85,xrep_newbt_alloc_ag_blocks,linux-sources/linux-v6.14-fs/fs/xfs/scrub/newbt.c,302,"xrep_newbt_add_blocks(xnr, sc->sa.pag, &args)",304,return error;,xnr.alloc_hint:SET@280,FALSE_POSITIVE,NO_BUG,FALSE_ALARM,PRIVATE_OR_CLEANED_STATE,"The reported effect belongs to an unpublished object, output/cursor, or temporary cache, or is removed by the reviewed error cleanup; no live metadata owner retains it.",,2026-07-24
XFS-086,xfs,86,xrep_newbt_alloc_ag_blocks,linux-sources/linux-v6.14-fs/fs/xfs/scrub/newbt.c,309,xrep_defer_finish(sc),311,return error;,xnr.alloc_hint:SET@307;xnr.alloc_hint:SET@280;xnr->resv_list.list_membership:ADD@302,FALSE_POSITIVE,NO_BUG,FALSE_ALARM,PRIVATE_OR_CLEANED_STATE,"The reported effect belongs to an unpublished object, output/cursor, or temporary cache, or is removed by the reviewed error cleanup; no live metadata owner retains it.",,2026-07-24
XFS-087,xfs,87,xrep_newbt_alloc_file_blocks,linux-sources/linux-v6.14-fs/fs/xfs/scrub/newbt.c,360,"xfs_alloc_vextent_start_ag(&args, xnr->alloc_hint)",363,return error;,xnr.alloc_hint:SET@355,FALSE_POSITIVE,NO_BUG,FALSE_ALARM,PRIVATE_OR_CLEANED_STATE,"The reported effect belongs to an unpublished object, output/cursor, or temporary cache, or is removed by the reviewed error cleanup; no live metadata owner retains it.",,2026-07-24
XFS-088,xfs,88,xrep_newbt_alloc_file_blocks,linux-sources/linux-v6.14-fs/fs/xfs/scrub/newbt.c,379,"xrep_newbt_add_blocks(xnr, pag, &args)",382,return error;,xnr.alloc_hint:SET@355,FALSE_POSITIVE,NO_BUG,FALSE_ALARM,PRIVATE_OR_CLEANED_STATE,"The reported effect belongs to an unpublished object, output/cursor, or temporary cache, or is removed by the reviewed error cleanup; no live metadata owner retains it.",,2026-07-24
XFS-089,xfs,89,xrep_newbt_alloc_file_blocks,linux-sources/linux-v6.14-fs/fs/xfs/scrub/newbt.c,387,xrep_defer_finish(sc),389,return error;,xnr.alloc_hint:SET@385;xnr.alloc_hint:SET@355;xnr->resv_list.list_membership:ADD@379,FALSE_POSITIVE,NO_BUG,FALSE_ALARM,PRIVATE_OR_CLEANED_STATE,"The reported effect belongs to an unpublished object, output/cursor, or temporary cache, or is removed by the reviewed error cleanup; no live metadata owner retains it.",,2026-07-24
XFS-090,xfs,90,xchk_nlinks_setup_scan,linux-sources/linux-v6.14-fs/fs/xfs/scrub/nlinks.c,1002,"xfs_dir_hook_add(mp, &xnc->dhook)",1012,return error;,xnc->nlinks.obj_size_log:SET@987,FALSE_POSITIVE,NO_BUG,FALSE_ALARM,PRIVATE_OR_CLEANED_STATE,"The reported effect belongs to an unpublished object, output/cursor, or temporary cache, or is removed by the reviewed error cleanup; no live metadata owner retains it.",,2026-07-24
XFS-091,xfs,91,xchk_parent_pptr,linux-sources/linux-v6.14-fs/fs/xfs/scrub/parent.c,779,"xfblob_create(descr, &pp->pptr_names)",841,return error;,pp->pptr_entries.obj_size_log:SET@772,FALSE_POSITIVE,NO_BUG,FALSE_ALARM,PRIVATE_OR_CLEANED_STATE,"The reported effect belongs to an unpublished object, output/cursor, or temporary cache, or is removed by the reviewed error cleanup; no live metadata owner retains it.",,2026-07-24
XFS-092,xfs,92,xchk_parent_pptr,linux-sources/linux-v6.14-fs/fs/xfs/scrub/parent.c,784,"xchk_xattr_walk(sc, sc->ip, xchk_parent_scan_attr, NULL, pp)",841,return error;,pp->pptr_entries.obj_size_log:SET@772,FALSE_POSITIVE,NO_BUG,FALSE_ALARM,PRIVATE_OR_CLEANED_STATE,"The reported effect belongs to an unpublished object, output/cursor, or temporary cache, or is removed by the reviewed error cleanup; no live metadata owner retains it.",,2026-07-24
XFS-093,xfs,93,xchk_parent_pptr,linux-sources/linux-v6.14-fs/fs/xfs/scrub/parent.c,792,xchk_parent_finish_slow_pptrs(pp),841,return error;,pp->pptr_entries.obj_size_log:SET@772,FALSE_POSITIVE,NO_BUG,FALSE_ALARM,PRIVATE_OR_CLEANED_STATE,"The reported effect belongs to an unpublished object, output/cursor, or temporary cache, or is removed by the reviewed error cleanup; no live metadata owner retains it.",,2026-07-24
XFS-094,xfs,94,xchk_parent_pptr,linux-sources/linux-v6.14-fs/fs/xfs/scrub/parent.c,818,xchk_parent_pptr_and_dotdot(pp),841,return error;,pp->pptr_entries.obj_size_log:SET@772,FALSE_POSITIVE,NO_BUG,FALSE_ALARM,PRIVATE_OR_CLEANED_STATE,"The reported effect belongs to an unpublished object, output/cursor, or temporary cache, or is removed by the reviewed error cleanup; no live metadata owner retains it.",,2026-07-24
XFS-095,xfs,95,xchk_parent_pptr,linux-sources/linux-v6.14-fs/fs/xfs/scrub/parent.c,831,xchk_parent_count_pptrs(pp),841,return error;,pp->pptr_entries.obj_size_log:SET@772,FALSE_POSITIVE,NO_BUG,FALSE_ALARM,PRIVATE_OR_CLEANED_STATE,"The reported effect belongs to an unpublished object, output/cursor, or temporary cache, or is removed by the reviewed error cleanup; no live metadata owner retains it.",,2026-07-24
XFS-096,xfs,96,xrep_parent_setup_scan,linux-sources/linux-v6.14-fs/fs/xfs/scrub/parent_repair.c,1542,"xfblob_create(descr, &rp->pptr_names)",1588,return error;,rp->pptr_recs.obj_size_log:SET@1535,FALSE_POSITIVE,NO_BUG,FALSE_ALARM,PRIVATE_OR_CLEANED_STATE,"The reported effect belongs to an unpublished object, output/cursor, or temporary cache, or is removed by the reviewed error cleanup; no live metadata owner retains it.",,2026-07-24
XFS-097,xfs,97,xrep_parent_setup_scan,linux-sources/linux-v6.14-fs/fs/xfs/scrub/parent_repair.c,1550,"xfarray_create(descr, 0, sizeof(struct xrep_parent_xattr), &rp->xattr_records)",1588,return error;,rp->pptr_recs.obj_size_log:SET@1535,FALSE_POSITIVE,NO_BUG,FALSE_ALARM,PRIVATE_OR_CLEANED_STATE,"The reported effect belongs to an unpublished object, output/cursor, or temporary cache, or is removed by the reviewed error cleanup; no live metadata owner retains it.",,2026-07-24
XFS-098,xfs,98,xrep_parent_setup_scan,linux-sources/linux-v6.14-fs/fs/xfs/scrub/parent_repair.c,1558,"xfblob_create(descr, &rp->xattr_blobs)",1588,return error;,rp->pptr_recs.obj_size_log:SET@1535;rp->xattr_records.obj_size_log:SET@1550,FALSE_POSITIVE,NO_BUG,FALSE_ALARM,PRIVATE_OR_CLEANED_STATE,"The reported effect belongs to an unpublished object, output/cursor, or temporary cache, or is removed by the reviewed error cleanup; no live metadata owner retains it.",,2026-07-24
XFS-099,xfs,99,xrep_parent_setup_scan,linux-sources/linux-v6.14-fs/fs/xfs/scrub/parent_repair.c,1563,"__xrep_findparent_scan_start(sc, &rp->pscan, xrep_parent_live_update)",1588,return error;,rp->pptr_recs.obj_size_log:SET@1535;rp->xattr_records.obj_size_log:SET@1550,FALSE_POSITIVE,NO_BUG,FALSE_ALARM,PRIVATE_OR_CLEANED_STATE,"The reported effect belongs to an unpublished object, output/cursor, or temporary cache, or is removed by the reviewed error cleanup; no live metadata owner retains it.",,2026-07-24
XFS-100,xfs,100,xqcheck_setup_scan,linux-sources/linux-v6.14-fs/fs/xfs/scrub/quotacheck.c,772,"xfarray_create(descr, max_dquots, sizeof(struct xqcheck_dquot), &xqc->gcounts)",821,return error;,xqc->ucounts.obj_size_log:SET@763,FALSE_POSITIVE,NO_BUG,FALSE_ALARM,PRIVATE_OR_CLEANED_STATE,"The reported effect belongs to an unpublished object, output/cursor, or temporary cache, or is removed by the reviewed error cleanup; no live metadata owner retains it.",,2026-07-24
XFS-101,xfs,101,xqcheck_setup_scan,linux-sources/linux-v6.14-fs/fs/xfs/scrub/quotacheck.c,781,"xfarray_create(descr, max_dquots, sizeof(struct xqcheck_dquot), &xqc->pcounts)",821,return error;,xqc->ucounts.obj_size_log:SET@763;xqc->gcounts.obj_size_log:SET@772,FALSE_POSITIVE,NO_BUG,FALSE_ALARM,PRIVATE_OR_CLEANED_STATE,"The reported effect belongs to an unpublished object, output/cursor, or temporary cache, or is removed by the reviewed error cleanup; no live metadata owner retains it.",,2026-07-24
XFS-102,xfs,102,xqcheck_setup_scan,linux-sources/linux-v6.14-fs/fs/xfs/scrub/quotacheck.c,792,"rhashtable_init(&xqc->shadow_dquot_acct, &xqcheck_dqacct_hash_params)",821,return error;,xqc->ucounts.obj_size_log:SET@763;xqc->gcounts.obj_size_log:SET@772;xqc->pcounts.obj_size_log:SET@781,FALSE_POSITIVE,NO_BUG,FALSE_ALARM,PRIVATE_OR_CLEANED_STATE,"The reported effect belongs to an unpublished object, output/cursor, or temporary cache, or is removed by the reviewed error cleanup; no live metadata owner retains it.",,2026-07-24
XFS-103,xfs,103,xqcheck_setup_scan,linux-sources/linux-v6.14-fs/fs/xfs/scrub/quotacheck.c,811,"xfs_dqtrx_hook_add(qi, &xqc->qhook)",821,return error;,xqc->ucounts.obj_size_log:SET@763;xqc->gcounts.obj_size_log:SET@772;xqc->pcounts.obj_size_log:SET@781,FALSE_POSITIVE,NO_BUG,FALSE_ALARM,PRIVATE_OR_CLEANED_STATE,"The reported effect belongs to an unpublished object, output/cursor, or temporary cache, or is removed by the reviewed error cleanup; no live metadata owner retains it.",,2026-07-24
XFS-104,xfs,104,xqcheck_commit_dqtype,linux-sources/linux-v6.14-fs/fs/xfs/scrub/quotacheck_repair.c,185,"xfs_qm_dqget(mp, id, dqtype, true, &dq)",187,return error;,xqc.xqcheck_commit_dquot:INC@158;xqc->sc.xchk_trans_alloc:ADD@158;dq->q_ino.reserved:INC@158;dq->q_ino.count:INC@158;dq->q_blk.reserved:INC@158;dq->q_blk.count:INC@158;dq->q_rtb.reserved:INC@158;dq->q_rtb.count:INC@158;xqc->sc->tp.xfs_trans_log_dquot:INC@158;xqc->sc.xrep_trans_commit:ADD@158,TRUE_RESIDUAL,NO_BUG,CONTAINED_NOT_BUG,TRANSACTION_OR_FATAL_CONTAINMENT,"The mutation can remain at this function return, but the caller cancels/aborts the dirty transaction or shuts down the filesystem, so the state cannot continue as ordinary live metadata.",,2026-07-24
XFS-105,xfs,105,xqcheck_commit_dqtype,linux-sources/linux-v6.14-fs/fs/xfs/scrub/quotacheck_repair.c,189,"xqcheck_commit_dquot(xqc, dqtype, dq)",192,return error;,xqc.xqcheck_commit_dquot:INC@158;xqc->sc.xchk_trans_alloc:ADD@158;dq->q_ino.reserved:INC@158;dq->q_ino.count:INC@158;dq->q_blk.reserved:INC@158;dq->q_blk.count:INC@158;dq->q_rtb.reserved:INC@158;dq->q_rtb.count:INC@158;xqc->sc->tp.xfs_trans_log_dquot:INC@158;xqc->sc.xrep_trans_commit:ADD@158,TRUE_RESIDUAL,NO_BUG,CONTAINED_NOT_BUG,TRANSACTION_OR_FATAL_CONTAINMENT,"The mutation can remain at this function return, but the caller cancels/aborts the dirty transaction or shuts down the filesystem, so the state cannot continue as ordinary live metadata.",,2026-07-24
XFS-106,xfs,106,xreap_agmeta_extent,linux-sources/linux-v6.14-fs/fs/xfs/scrub/reap.c,530,xrep_defer_finish(sc),532,return error;,rs.deferred:INC@525,FALSE_POSITIVE,NO_BUG,FALSE_ALARM,PRIVATE_OR_CLEANED_STATE,"The reported effect belongs to an unpublished object, output/cursor, or temporary cache, or is removed by the reviewed error cleanup; no live metadata owner retains it.",,2026-07-24
XFS-107,xfs,107,xreap_agmeta_extent,linux-sources/linux-v6.14-fs/fs/xfs/scrub/reap.c,535,xrep_roll_ag_trans(sc),537,return error;,rs.deferred:INC@525,FALSE_POSITIVE,NO_BUG,FALSE_ALARM,PRIVATE_OR_CLEANED_STATE,"The reported effect belongs to an unpublished object, output/cursor, or temporary cache, or is removed by the reviewed error cleanup; no live metadata owner retains it.",,2026-07-24
XFS-108,xfs,108,xreap_fsmeta_extent,linux-sources/linux-v6.14-fs/fs/xfs/scrub/reap.c,627,xrep_defer_finish(sc),654,return error;,rs.deferred:INC@618,FALSE_POSITIVE,NO_BUG,FALSE_ALARM,PRIVATE_OR_CLEANED_STATE,"The reported effect belongs to an unpublished object, output/cursor, or temporary cache, or is removed by the reviewed error cleanup; no live metadata owner retains it.",,2026-07-24
XFS-109,xfs,109,xreap_fsmeta_extent,linux-sources/linux-v6.14-fs/fs/xfs/scrub/reap.c,638,"xfs_trans_roll_inode(&sc->tp, sc->ip)",654,return error;,rs.deferred:INC@618,FALSE_POSITIVE,NO_BUG,FALSE_ALARM,PRIVATE_OR_CLEANED_STATE,"The reported effect belongs to an unpublished object, output/cursor, or temporary cache, or is removed by the reviewed error cleanup; no live metadata owner retains it.",,2026-07-24
XFS-110,xfs,110,xreap_rtmeta_extent,linux-sources/linux-v6.14-fs/fs/xfs/scrub/reap.c,854,xfs_defer_finish(&sc->tp),872,return error;,rs.deferred:INC@849,FALSE_POSITIVE,NO_BUG,FALSE_ALARM,PRIVATE_OR_CLEANED_STATE,"The reported effect belongs to an unpublished object, output/cursor, or temporary cache, or is removed by the reviewed error cleanup; no live metadata owner retains it.",,2026-07-24
XFS-111,xfs,111,xreap_rtmeta_extent,linux-sources/linux-v6.14-fs/fs/xfs/scrub/reap.c,859,"xfs_trans_roll_inode(&sc->tp, sc->ip)",872,return error;,rs.deferred:INC@849,FALSE_POSITIVE,NO_BUG,FALSE_ALARM,PRIVATE_OR_CLEANED_STATE,"The reported effect belongs to an unpublished object, output/cursor, or temporary cache, or is removed by the reviewed error cleanup; no live metadata owner retains it.",,2026-07-24
XFS-112,xfs,112,xrep_refc_build_new_tree,linux-sources/linux-v6.14-fs/fs/xfs/scrub/refcount_repair.c,614,"xfs_btree_bload_compute_geometry(refc_cur, &rr->new_btree.bload, xfarray_length(rr->refcount_records))",669,return error;,rr->new_btree.bload.claim_block:SET@609,FALSE_POSITIVE,NO_BUG,FALSE_ALARM,PRIVATE_OR_CLEANED_STATE,"The reported effect belongs to an unpublished object, output/cursor, or temporary cache, or is removed by the reviewed error cleanup; no live metadata owner retains it.",,2026-07-24
XFS-113,xfs,113,xrep_refc_build_new_tree,linux-sources/linux-v6.14-fs/fs/xfs/scrub/refcount_repair.c,625,"xrep_newbt_alloc_blocks(&rr->new_btree, rr->new_btree.bload.nr_blocks)",669,return error;,rr->new_btree.bload.claim_block:SET@609,FALSE_POSITIVE,NO_BUG,FALSE_ALARM,PRIVATE_OR_CLEANED_STATE,"The reported effect belongs to an unpublished object, output/cursor, or temporary cache, or is removed by the reviewed error cleanup; no live metadata owner retains it.",,2026-07-24
XFS-114,xfs,114,xrep_refc_build_new_tree,linux-sources/linux-v6.14-fs/fs/xfs/scrub/refcount_repair.c,640,"xfs_btree_bload(refc_cur, &rr->new_btree.bload, rr)",669,return error;,rr->new_btree.bload.claim_block:SET@609,FALSE_POSITIVE,NO_BUG,FALSE_ALARM,PRIVATE_OR_CLEANED_STATE,"The reported effect belongs to an unpublished object, output/cursor, or temporary cache, or is removed by the reviewed error cleanup; no live metadata owner retains it.",,2026-07-24
XFS-115,xfs,115,xrep_refc_build_new_tree,linux-sources/linux-v6.14-fs/fs/xfs/scrub/refcount_repair.c,652,xrep_refc_reset_counters(rr),669,return error;,rr->new_btree.bload.claim_block:SET@609;pag.pagf_repair_refcount_level:SET@636,FALSE_POSITIVE,NO_BUG,FALSE_ALARM,PRIVATE_OR_CLEANED_STATE,"The reported effect belongs to an unpublished object, output/cursor, or temporary cache, or is removed by the reviewed error cleanup; no live metadata owner retains it.",,2026-07-24
XFS-116,xfs,116,xrep_refc_build_new_tree,linux-sources/linux-v6.14-fs/fs/xfs/scrub/refcount_repair.c,657,xrep_newbt_commit(&rr->new_btree),659,return error;,rr->new_btree.bload.claim_block:SET@609;pag.pagf_repair_refcount_level:SET@636,FALSE_POSITIVE,NO_BUG,FALSE_ALARM,PRIVATE_OR_CLEANED_STATE,"The reported effect belongs to an unpublished object, output/cursor, or temporary cache, or is removed by the reviewed error cleanup; no live metadata owner retains it.",,2026-07-24
XFS-117,xfs,117,xrep_refcountbt,linux-sources/linux-v6.14-fs/fs/xfs/scrub/refcount_repair.c,730,xrep_refc_find_refcounts(rr),749,return error;,rr->refcount_records.obj_size_log:SET@721,FALSE_POSITIVE,NO_BUG,FALSE_ALARM,PRIVATE_OR_CLEANED_STATE,"The reported effect belongs to an unpublished object, output/cursor, or temporary cache, or is removed by the reviewed error cleanup; no live metadata owner retains it.",,2026-07-24
XFS-118,xfs,118,xrep_rmap_build_new_tree,linux-sources/linux-v6.14-fs/fs/xfs/scrub/rmap_repair.c,1374,"xrep_rmap_reserve_space(rr, rmap_cur)",1453,return error;,rr->new_btree.bload.claim_block:SET@1365;rr->new_btree.alloc_vextent:SET@1366,FALSE_POSITIVE,NO_BUG,FALSE_ALARM,PRIVATE_OR_CLEANED_STATE,"The reported effect belongs to an unpublished object, output/cursor, or temporary cache, or is removed by the reviewed error cleanup; no live metadata owner retains it.",,2026-07-24
XFS-119,xfs,119,xrep_rmap_build_new_tree,linux-sources/linux-v6.14-fs/fs/xfs/scrub/rmap_repair.c,1385,"xrep_rmap_count_records(rr->mcur, &rr->nr_records)",1453,return error;,rr->new_btree.bload.claim_block:SET@1365;rr->new_btree.alloc_vextent:SET@1366;rr.xrep_rmap_reserve_space:RESERVE@1374;rr.xrep_rmap_try_reserve:RESERVE@1374,FALSE_POSITIVE,NO_BUG,FALSE_ALARM,PRIVATE_OR_CLEANED_STATE,"The reported effect belongs to an unpublished object, output/cursor, or temporary cache, or is removed by the reviewed error cleanup; no live metadata owner retains it.",,2026-07-24
XFS-120,xfs,120,xrep_rmap_build_new_tree,linux-sources/linux-v6.14-fs/fs/xfs/scrub/rmap_repair.c,1401,xfs_btree_goto_left_edge(rr->mcur),1453,return error;,rr->new_btree.bload.claim_block:SET@1365;rr->new_btree.alloc_vextent:SET@1366;rr.xrep_rmap_reserve_space:RESERVE@1374;rr.xrep_rmap_try_reserve:RESERVE@1374,FALSE_POSITIVE,NO_BUG,FALSE_ALARM,PRIVATE_OR_CLEANED_STATE,"The reported effect belongs to an unpublished object, output/cursor, or temporary cache, or is removed by the reviewed error cleanup; no live metadata owner retains it.",,2026-07-24
XFS-121,xfs,121,xrep_rmap_build_new_tree,linux-sources/linux-v6.14-fs/fs/xfs/scrub/rmap_repair.c,1406,"xfs_btree_bload(rmap_cur, &rr->new_btree.bload, rr)",1453,return error;,rr->new_btree.bload.claim_block:SET@1365;rr->new_btree.alloc_vextent:SET@1366;rr.xrep_rmap_reserve_space:RESERVE@1374;rr.xrep_rmap_try_reserve:RESERVE@1374,FALSE_POSITIVE,NO_BUG,FALSE_ALARM,PRIVATE_OR_CLEANED_STATE,"The reported effect belongs to an unpublished object, output/cursor, or temporary cache, or is removed by the reviewed error cleanup; no live metadata owner retains it.",,2026-07-24
XFS-122,xfs,122,xrep_rmap_build_new_tree,linux-sources/linux-v6.14-fs/fs/xfs/scrub/rmap_repair.c,1434,xrep_rmap_reset_counters(rr),1453,return error;,rr->new_btree.bload.claim_block:SET@1365;rr->new_btree.alloc_vextent:SET@1366;rr.xrep_rmap_reserve_space:RESERVE@1374;rr.xrep_rmap_try_reserve:RESERVE@1374,FALSE_POSITIVE,NO_BUG,FALSE_ALARM,PRIVATE_OR_CLEANED_STATE,"The reported effect belongs to an unpublished object, output/cursor, or temporary cache, or is removed by the reviewed error cleanup; no live metadata owner retains it.",,2026-07-24
XFS-123,xfs,123,xrep_rmap_build_new_tree,linux-sources/linux-v6.14-fs/fs/xfs/scrub/rmap_repair.c,1439,xrep_newbt_commit(&rr->new_btree),1441,return error;,rr->new_btree.bload.claim_block:SET@1365;rr->new_btree.alloc_vextent:SET@1366;rr.xrep_rmap_reserve_space:RESERVE@1374;rr.xrep_rmap_try_reserve:RESERVE@1374,FALSE_POSITIVE,NO_BUG,FALSE_ALARM,PRIVATE_OR_CLEANED_STATE,"The reported effect belongs to an unpublished object, output/cursor, or temporary cache, or is removed by the reviewed error cleanup; no live metadata owner retains it.",,2026-07-24
XFS-124,xfs,124,xrep_rmapbt,linux-sources/linux-v6.14-fs/fs/xfs/scrub/rmap_repair.c,1736,xrep_rmap_remove_old_tree(rr),1742,return error;,rr->new_btree.bload.claim_block:SET@1731;rr->new_btree.alloc_vextent:SET@1731;rr.xrep_rmap_reserve_space:RESERVE@1731,FALSE_POSITIVE,NO_BUG,FALSE_ALARM,PRIVATE_OR_CLEANED_STATE,"The reported effect belongs to an unpublished object, output/cursor, or temporary cache, or is removed by the reviewed error cleanup; no live metadata owner retains it.",,2026-07-24
XFS-125,xfs,125,xrep_rtrefc_build_new_tree,linux-sources/linux-v6.14-fs/fs/xfs/scrub/rtrefcount_repair.c,645,"xfs_btree_bload_compute_geometry(refc_cur, &rr->new_btree.bload, xfarray_length(rr->refcount_records))",697,return error;,rr->new_btree.bload.claim_block:SET@638,FALSE_POSITIVE,NO_BUG,FALSE_ALARM,PRIVATE_OR_CLEANED_STATE,"The reported effect belongs to an unpublished object, output/cursor, or temporary cache, or is removed by the reviewed error cleanup; no live metadata owner retains it.",,2026-07-24
XFS-126,xfs,126,xrep_rtrefc_build_new_tree,linux-sources/linux-v6.14-fs/fs/xfs/scrub/rtrefcount_repair.c,661,"xfs_trans_reserve_more_inode(sc->tp, rtg_refcount(rtg), rr->new_btree.bload.nr_blocks, 0, true)",697,return error;,rr->new_btree.bload.claim_block:SET@638,FALSE_POSITIVE,NO_BUG,FALSE_ALARM,PRIVATE_OR_CLEANED_STATE,"The reported effect belongs to an unpublished object, output/cursor, or temporary cache, or is removed by the reviewed error cleanup; no live metadata owner retains it.",,2026-07-24
XFS-127,xfs,127,xrep_rtrefc_build_new_tree,linux-sources/linux-v6.14-fs/fs/xfs/scrub/rtrefcount_repair.c,667,"xrep_newbt_alloc_blocks(&rr->new_btree, rr->new_btree.bload.nr_blocks)",697,return error;,rr->new_btree.bload.claim_block:SET@638,FALSE_POSITIVE,NO_BUG,FALSE_ALARM,PRIVATE_OR_CLEANED_STATE,"The reported effect belongs to an unpublished object, output/cursor, or temporary cache, or is removed by the reviewed error cleanup; no live metadata owner retains it.",,2026-07-24
XFS-128,xfs,128,xrep_rtrefc_build_new_tree,linux-sources/linux-v6.14-fs/fs/xfs/scrub/rtrefcount_repair.c,675,"xfs_btree_bload(refc_cur, &rr->new_btree.bload, rr)",697,return error;,rr->new_btree.bload.claim_block:SET@638,FALSE_POSITIVE,NO_BUG,FALSE_ALARM,PRIVATE_OR_CLEANED_STATE,"The reported effect belongs to an unpublished object, output/cursor, or temporary cache, or is removed by the reviewed error cleanup; no live metadata owner retains it.",,2026-07-24
XFS-129,xfs,129,xrep_rtrefc_build_new_tree,linux-sources/linux-v6.14-fs/fs/xfs/scrub/rtrefcount_repair.c,689,xrep_newbt_commit(&rr->new_btree),691,return error;,rr->new_btree.bload.claim_block:SET@638,FALSE_POSITIVE,NO_BUG,FALSE_ALARM,PRIVATE_OR_CLEANED_STATE,"The reported effect belongs to an unpublished object, output/cursor, or temporary cache, or is removed by the reviewed error cleanup; no live metadata owner retains it.",,2026-07-24
XFS-130,xfs,130,xrep_rtrefcountbt,linux-sources/linux-v6.14-fs/fs/xfs/scrub/rtrefcount_repair.c,761,xrep_rtrefc_find_refcounts(rr),782,return error;,rr->refcount_records.obj_size_log:SET@752,FALSE_POSITIVE,NO_BUG,FALSE_ALARM,PRIVATE_OR_CLEANED_STATE,"The reported effect belongs to an unpublished object, output/cursor, or temporary cache, or is removed by the reviewed error cleanup; no live metadata owner retains it.",,2026-07-24
XFS-131,xfs,131,xrep_rtrmap_build_new_tree,linux-sources/linux-v6.14-fs/fs/xfs/scrub/rtrmap_repair.c,737,"xfs_btree_bload_compute_geometry(rmap_cur, &rr->new_btree.bload, rr->nr_records)",808,return error;,rr->new_btree.bload.claim_block:SET@730,FALSE_POSITIVE,NO_BUG,FALSE_ALARM,PRIVATE_OR_CLEANED_STATE,"The reported effect belongs to an unpublished object, output/cursor, or temporary cache, or is removed by the reviewed error cleanup; no live metadata owner retains it.",,2026-07-24
XFS-132,xfs,132,xrep_rtrmap_build_new_tree,linux-sources/linux-v6.14-fs/fs/xfs/scrub/rtrmap_repair.c,753,"xfs_trans_reserve_more_inode(sc->tp, rtg_rmap(rtg), rr->new_btree.bload.nr_blocks, 0, true)",808,return error;,rr->new_btree.bload.claim_block:SET@730,FALSE_POSITIVE,NO_BUG,FALSE_ALARM,PRIVATE_OR_CLEANED_STATE,"The reported effect belongs to an unpublished object, output/cursor, or temporary cache, or is removed by the reviewed error cleanup; no live metadata owner retains it.",,2026-07-24
XFS-133,xfs,133,xrep_rtrmap_build_new_tree,linux-sources/linux-v6.14-fs/fs/xfs/scrub/rtrmap_repair.c,759,"xrep_newbt_alloc_blocks(&rr->new_btree, rr->new_btree.bload.nr_blocks)",808,return error;,rr->new_btree.bload.claim_block:SET@730,FALSE_POSITIVE,NO_BUG,FALSE_ALARM,PRIVATE_OR_CLEANED_STATE,"The reported effect belongs to an unpublished object, output/cursor, or temporary cache, or is removed by the reviewed error cleanup; no live metadata owner retains it.",,2026-07-24
XFS-134,xfs,134,xrep_rtrmap_build_new_tree,linux-sources/linux-v6.14-fs/fs/xfs/scrub/rtrmap_repair.c,769,xfs_btree_goto_left_edge(rr->mcur),808,return error;,rr->new_btree.bload.claim_block:SET@730,FALSE_POSITIVE,NO_BUG,FALSE_ALARM,PRIVATE_OR_CLEANED_STATE,"The reported effect belongs to an unpublished object, output/cursor, or temporary cache, or is removed by the reviewed error cleanup; no live metadata owner retains it.",,2026-07-24
XFS-135,xfs,135,xrep_rtrmap_build_new_tree,linux-sources/linux-v6.14-fs/fs/xfs/scrub/rtrmap_repair.c,775,"xfs_btree_bload(rmap_cur, &rr->new_btree.bload, rr)",808,return error;,rr->new_btree.bload.claim_block:SET@730,FALSE_POSITIVE,NO_BUG,FALSE_ALARM,PRIVATE_OR_CLEANED_STATE,"The reported effect belongs to an unpublished object, output/cursor, or temporary cache, or is removed by the reviewed error cleanup; no live metadata owner retains it.",,2026-07-24
XFS-136,xfs,136,xrep_rtrmap_build_new_tree,linux-sources/linux-v6.14-fs/fs/xfs/scrub/rtrmap_repair.c,797,xrep_newbt_commit(&rr->new_btree),799,return error;,rr->new_btree.bload.claim_block:SET@730,FALSE_POSITIVE,NO_BUG,FALSE_ALARM,PRIVATE_OR_CLEANED_STATE,"The reported effect belongs to an unpublished object, output/cursor, or temporary cache, or is removed by the reviewed error cleanup; no live metadata owner retains it.",,2026-07-24
XFS-137,xfs,137,xfarray_sort,linux-sources/linux-v6.14-fs/fs/xfs/scrub/xfarray.c,980,"xfarray_sort_scan(si, hi, &p)",1055,return error;,si.max_stack_used:SET@921,FALSE_POSITIVE,NO_BUG,FALSE_ALARM,INTENTIONAL_PROGRESS_OR_OUTPUT,"The value is an output, retry cursor, cache population, terminal error state, or completed progress that is intentionally retained across the later failure.",,2026-07-24
XFS-138,xfs,138,xfs_bmap_recover_work,linux-sources/linux-v6.14-fs/fs/xfs/xfs_bmap_item.c,513,"xfs_trans_alloc(mp, &resv, XFS_EXTENTADD_SPACE_RES(mp, XFS_DATA_FORK), 0, 0, &tp)",561,return error;,work->bi_owner.i_delayed_blks:INC@507,FALSE_POSITIVE,NO_BUG,FALSE_ALARM,PRIVATE_OR_CLEANED_STATE,"The reported effect belongs to an unpublished object, output/cursor, or temporary cache, or is removed by the reviewed error cleanup; no live metadata owner retains it.",,2026-07-24
XFS-139,xfs,139,xfs_bmap_recover_work,linux-sources/linux-v6.14-fs/fs/xfs/xfs_bmap_item.c,532,"xfs_iext_count_extend(tp, ip, work->bi_whichfork, iext_delta)",561,return error;,lip->li_log->l_mp.xfs_trans_alloc:ADD@513;work->bi_owner.i_delayed_blks:INC@507;tp.xfs_trans_set_context:ADD@513;tp.xfs_trans_reserve:RESERVE@513,FALSE_POSITIVE,NO_BUG,FALSE_ALARM,PRIVATE_OR_CLEANED_STATE,"The reported effect belongs to an unpublished object, output/cursor, or temporary cache, or is removed by the reviewed error cleanup; no live metadata owner retains it.",,2026-07-24
XFS-140,xfs,140,xfs_bmap_recover_work,linux-sources/linux-v6.14-fs/fs/xfs/xfs_bmap_item.c,536,"xlog_recover_finish_intent(tp, dfp)",561,return error;,lip->li_log->l_mp.xfs_trans_alloc:ADD@513;work->bi_owner.i_delayed_blks:INC@507;tp.xfs_trans_set_context:ADD@513;tp.xfs_trans_reserve:RESERVE@513,FALSE_POSITIVE,NO_BUG,FALSE_ALARM,PRIVATE_OR_CLEANED_STATE,"The reported effect belongs to an unpublished object, output/cursor, or temporary cache, or is removed by the reviewed error cleanup; no live metadata owner retains it.",,2026-07-24
XFS-141,xfs,141,xfs_bmap_recover_work,linux-sources/linux-v6.14-fs/fs/xfs/xfs_bmap_item.c,547,"xfs_defer_ops_capture_and_commit(tp, capture_list)",561,return error;,lip->li_log->l_mp.xfs_trans_alloc:ADD@513;work->bi_owner.i_delayed_blks:INC@507;tp.xfs_trans_set_context:ADD@513;tp.xfs_trans_reserve:RESERVE@513,FALSE_POSITIVE,NO_BUG,FALSE_ALARM,PRIVATE_OR_CLEANED_STATE,"The reported effect belongs to an unpublished object, output/cursor, or temporary cache, or is removed by the reviewed error cleanup; no live metadata owner retains it.",,2026-07-24
XFS-142,xfs,142,xfs_swap_extents,linux-sources/linux-v6.14-fs/fs/xfs/xfs_bmap_util.c,1694,"xfs_swap_change_owner(&tp, ip, tip)",1723,return error;,tp.xfs_trans_log_inode:ADD@1684;tp.xfs_trans_log_inode:ADD@1685;tip.i_delayed_blks:SET@1650,TRUE_RESIDUAL,NO_BUG,CONTAINED_NOT_BUG,DIRTY_TRANSACTION_SHUTDOWN,The inode forks and delayed-block ownership are already swapped before owner-change failure.  xfs_trans_cancel() explicitly forces shutdown for a dirty transaction because these in-core changes cannot be restored.,,2026-07-24
XFS-143,xfs,143,xlog_recover_do_primary_sb_buffer,linux-sources/linux-v6.14-fs/fs/xfs/xfs_buf_item_recover.c,782,"xfs_initialize_rtgroups(mp, orig_rgcount, mp->m_sb.sb_rgcount, mp->m_sb.sb_rextents)",786,return error;,mp.m_alloc_set_aside:SET@780;mp.xfs_dquot_verify:INC@727,FALSE_POSITIVE,NO_BUG,FALSE_ALARM,FAILED_OBJECT_TEARDOWN,"The failure prevents publication or mount completion, and the reviewed owner teardown destroys the partially initialized object and its state.",,2026-07-24
XFS-144,xfs,144,xfs_iget_recycle,linux-sources/linux-v6.14-fs/fs/xfs/xfs_icache.c,384,"xfs_reinit_inode(mp, inode)",399,return error;,inode.i_generation:SET@384;inode.i_mode:SET@384;inode.i_rdev:SET@384;inode.i_uid:SET@384;inode.i_gid:SET@384;inode.i_state:SET@384,FALSE_POSITIVE,NO_BUG,FALSE_ALARM,PRIVATE_OR_CLEANED_STATE,"The reported effect belongs to an unpublished object, output/cursor, or temporary cache, or is removed by the reviewed error cleanup; no live metadata owner retains it.",,2026-07-24
XFS-145,xfs,145,xlog_recover_inode_commit_pass2,linux-sources/linux-v6.14-fs/fs/xfs/xfs_inode_item_recover.c,516,"xlog_recover_inode_dbroot(mp, src, len, dip)",596,return error;,dip.di_nlink:SET@494,FALSE_POSITIVE,NO_BUG,FALSE_ALARM,FAILED_OBJECT_TEARDOWN,"The failure prevents publication or mount completion, and the reviewed owner teardown destroys the partially initialized object and its state.",,2026-07-24
XFS-146,xfs,146,xfs_direct_write_iomap_begin,linux-sources/linux-v6.14-fs/fs/xfs/xfs_iomap.c,947,"xfs_bmbt_to_iomap(ip, srcmap, &imap, flags, 0, seq)",958,return error;,srcmap.dax_dev:SET@947;srcmap.bdev:SET@947,FALSE_POSITIVE,NO_BUG,FALSE_ALARM,INTENTIONAL_PROGRESS_OR_OUTPUT,"The value is an output, retry cursor, cache population, terminal error state, or completed progress that is intentionally retained across the later failure.",,2026-07-24
XFS-147,xfs,147,xfs_buffered_write_iomap_begin,linux-sources/linux-v6.14-fs/fs/xfs/xfs_iomap.c,1222,"xfs_bmbt_to_iomap(ip, srcmap, &imap, flags, 0, xfs_iomap_inode_sequence(ip, 0))",1238,return error;,ip.xfs_bmapi_reserve_delalloc:RESERVE@1187;ip.xfs_quota_need_throttle:INC@1156;ip.xfs_quota_calc_throttle:INC@1156;ip.xfs_quota_need_throttle:INC@1159;ip.xfs_quota_calc_throttle:INC@1159;srcmap.dax_dev:SET@1222;srcmap.bdev:SET@1222,FALSE_POSITIVE,NO_BUG,FALSE_ALARM,INTENTIONAL_PROGRESS_OR_OUTPUT,"The value is an output, retry cursor, cache population, terminal error state, or completed progress that is intentionally retained across the later failure.",,2026-07-24
XFS-148,xfs,148,xfs_bulkstat_one_int,linux-sources/linux-v6.14-fs/fs/xfs/xfs_itable.c,194,"bc->formatter(bc->breq, buf)",209,return error;,buf.bs_nlink:SET@142,FALSE_POSITIVE,NO_BUG,FALSE_ALARM,INTENTIONAL_PROGRESS_OR_OUTPUT,"The value is an output, retry cursor, cache population, terminal error state, or completed progress that is intentionally retained across the later failure.",,2026-07-24
XFS-149,xfs,149,xfs_log_mount,linux-sources/linux-v6.14-fs/fs/xfs/xfs_log.c,654,xfs_trans_ail_init(mp),697,return error;,mp.m_log:SET@610,FALSE_POSITIVE,NO_BUG,FALSE_ALARM,FAILED_OBJECT_TEARDOWN,"The failure prevents publication or mount completion, and the reviewed owner teardown destroys the partially initialized object and its state.",,2026-07-24
XFS-150,xfs,150,xfs_log_mount,linux-sources/linux-v6.14-fs/fs/xfs/xfs_log.c,666,xlog_recover(log),697,return error;,mp.m_log:SET@610;mp.xfs_trans_ail_init:ADD@654;log.l_ailp:SET@659,FALSE_POSITIVE,NO_BUG,FALSE_ALARM,FAILED_OBJECT_TEARDOWN,"The failure prevents publication or mount completion, and the reviewed owner teardown destroys the partially initialized object and its state.",,2026-07-24
XFS-151,xfs,151,xfs_log_mount,linux-sources/linux-v6.14-fs/fs/xfs/xfs_log.c,675,"xfs_sysfs_init(&log->l_kobj, &xfs_log_ktype, &mp->m_kobj, ""log"")",697,return error;,mp.m_log:SET@610;mp.xfs_trans_ail_init:ADD@654;log.l_ailp:SET@659,FALSE_POSITIVE,NO_BUG,FALSE_ALARM,FAILED_OBJECT_TEARDOWN,"The failure prevents publication or mount completion, and the reviewed owner teardown destroys the partially initialized object and its state.",,2026-07-24
XFS-152,xfs,152,xfs_log_cover,linux-sources/linux-v6.14-fs/fs/xfs/xfs_log.c,1214,"xfs_sync_sb(mp, true)",1220,return error;,mp->m_log.l_covered_state:SET@1200,TRUE_RESIDUAL,NO_BUG,CONTAINED_NOT_BUG,TRANSACTION_OR_FATAL_CONTAINMENT,"The mutation can remain at this function return, but the caller cancels/aborts the dirty transaction or shuts down the filesystem, so the state cannot continue as ordinary live metadata.",,2026-07-24
XFS-153,xfs,153,xlog_alloc_log,linux-sources/linux-v6.14-fs/fs/xfs/xfs_log.c,1497,xlog_cil_init(log),1515,return ERR_PTR(error);,log.l_mp:SET@1382;log.l_targ:SET@1383;log.l_logsize:SET@1384;log.l_logBBstart:SET@1385;log.l_logBBsize:SET@1386;log.l_covered_state:SET@1387;log->l_opstate.bit:XLOG_ACTIVE_RECOVERY:SET@1388;log.l_prev_block:SET@1392;log.l_curr_cycle:SET@1395;log.l_iclog_roundoff:SET@1398;log.l_iclog_roundoff:SET@1400;log.l_sectBBsize:SET@1430;log->l_iclog.ic_prev:SET@1456;log->l_iclog.ic_data:SET@1459;log->l_iclog.ic_size:SET@1473;log->l_iclog.ic_state:SET@1474;log->l_iclog.ic_log:SET@1475;log->l_iclog.ic_datap:SET@1478;log->l_iclog.ic_prev:SET@1488;log.l_ioend_workqueue:SET@1490;log.l_iclog_bufs:SET@1432;log.l_iclog_size:SET@1432;log.l_iclog_heads:SET@1432;log.l_iclog_hsize:SET@1432,FALSE_POSITIVE,NO_BUG,FALSE_ALARM,FAILED_OBJECT_TEARDOWN,"The failure prevents publication or mount completion, and the reviewed owner teardown destroys the partially initialized object and its state.",,2026-07-24
XFS-154,xfs,154,xlog_write_partial,linux-sources/linux-v6.14-fs/fs/xfs/xfs_log.c,2149,"xlog_write_get_more_iclog_space(ticket, &iclog, log_offset, *len + sizeof(struct xlog_op_header), record_cnt, data_cnt)",2154,return error;,iclog->ic_datap + *log_offset.oh_tid:SET@2108;iclog->ic_datap + *log_offset.oh_len:SET@2109,TRUE_RESIDUAL,NO_BUG,CONTAINED_NOT_BUG,TRANSACTION_OR_FATAL_CONTAINMENT,"The mutation can remain at this function return, but the caller cancels/aborts the dirty transaction or shuts down the filesystem, so the state cannot continue as ordinary live metadata.",,2026-07-24
XFS-155,xfs,155,xlog_write,linux-sources/linux-v6.14-fs/fs/xfs/xfs_log.c,2258,"xlog_state_get_iclog_space(log, len, &iclog, ticket, &log_offset)",2261,return error;,log->l_opstate.bit:XLOG_SHUTDOWN_STARTED:SET@2255;log.xlog_in_recovery:ADD@2255;log->l_opstate.bit:XLOG_IO_ERROR:SET@2255,TRUE_RESIDUAL,NO_BUG,CONTAINED_NOT_BUG,TRANSACTION_OR_FATAL_CONTAINMENT,"The mutation can remain at this function return, but the caller cancels/aborts the dirty transaction or shuts down the filesystem, so the state cannot continue as ordinary live metadata.",,2026-07-24
XFS-156,xfs,156,xlog_write,linux-sources/linux-v6.14-fs/fs/xfs/xfs_log.c,2280,"xlog_write_partial(lv, ticket, &iclog, &log_offset, &len, &record_cnt, &data_cnt)",2288,return error;,log->l_opstate.bit:XLOG_SHUTDOWN_STARTED:SET@2255;log.xlog_in_recovery:ADD@2255;log->l_opstate.bit:XLOG_IO_ERROR:SET@2255;log->l_iclog->ic_header.h_cycle:SET@2258;log->l_iclog->ic_header.h_lsn:SET@2258;log->l_iclog.ic_offset:INC@2258,TRUE_RESIDUAL,NO_BUG,CONTAINED_NOT_BUG,TRANSACTION_OR_FATAL_CONTAINMENT,"The mutation can remain at this function return, but the caller cancels/aborts the dirty transaction or shuts down the filesystem, so the state cannot continue as ordinary live metadata.",,2026-07-24
XFS-157,xfs,157,xlog_state_get_iclog_space,linux-sources/linux-v6.14-fs/fs/xfs/xfs_log.c,2694,"xlog_state_release_iclog(log, iclog, ticket)",2697,return error;,log->l_iclog->ic_header.h_cycle:SET@2666;log->l_iclog->ic_header.h_lsn:SET@2667;iclog->ic_header.h_prev_block:SET@2684;log.l_prev_block:SET@2684;log.l_prev_cycle:SET@2684;log.l_curr_block:INC@2684;log.l_curr_block:SET@2684;log.l_curr_cycle:INC@2684;log.l_iclog:SET@2684,TRUE_RESIDUAL,NO_BUG,CONTAINED_NOT_BUG,TRANSACTION_OR_FATAL_CONTAINMENT,"The mutation can remain at this function return, but the caller cancels/aborts the dirty transaction or shuts down the filesystem, so the state cannot continue as ordinary live metadata.",,2026-07-24
XFS-158,xfs,158,xlog_cil_write_commit_record,linux-sources/linux-v6.14-fs/fs/xfs/xfs_log_cil.c,1119,"xlog_cil_order_write(ctx->cil, ctx->sequence, _COMMIT_RECORD)",1121,return error;,lv_chain.list_membership:ADD@1114,FALSE_POSITIVE,NO_BUG,FALSE_ALARM,PRIVATE_OR_CLEANED_STATE,"The reported effect belongs to an unpublished object, output/cursor, or temporary cache, or is removed by the reviewed error cleanup; no live metadata owner retains it.",,2026-07-24
XFS-159,xfs,159,xlog_cil_write_commit_record,linux-sources/linux-v6.14-fs/fs/xfs/xfs_log_cil.c,1125,"xlog_write(log, ctx, &lv_chain, ctx->ticket, reg.i_len)",1128,return error;,lv_chain.list_membership:ADD@1114,FALSE_POSITIVE,NO_BUG,FALSE_ALARM,PRIVATE_OR_CLEANED_STATE,"The reported effect belongs to an unpublished object, output/cursor, or temporary cache, or is removed by the reviewed error cleanup; no live metadata owner retains it.",,2026-07-24
XFS-160,xfs,160,xlog_find_tail,linux-sources/linux-v6.14-fs/fs/xfs/xfs_log_recover.c,1297,"xlog_check_unmount_rec(log, head_blk, tail_blk, rhead, rhead_blk, buffer, &clean)",1368,return error;,log.l_prev_block:SET@1290;log.l_curr_block:SET@1290;log.l_curr_cycle:SET@1290;log.l_curr_cycle:INC@1290;log->l_ailp.ail_head_lsn:SET@1290,FALSE_POSITIVE,NO_BUG,FALSE_ALARM,FAILED_OBJECT_TEARDOWN,"The failure prevents publication or mount completion, and the reviewed owner teardown destroys the partially initialized object and its state.",,2026-07-24
XFS-161,xfs,161,xlog_find_tail,linux-sources/linux-v6.14-fs/fs/xfs/xfs_log_recover.c,1325,"xlog_check_unmount_rec(log, head_blk, tail_blk, rhead, rhead_blk, buffer, &clean)",1368,return error;,log.l_prev_block:SET@1290;log.l_curr_block:SET@1290;log.l_curr_cycle:SET@1290;log.l_curr_cycle:INC@1290;log->l_ailp.ail_head_lsn:SET@1290;log->l_ailp.ail_head_lsn:SET@1297;log.l_prev_block:SET@1322;log.l_curr_block:SET@1322;log.l_curr_cycle:SET@1322;log.l_curr_cycle:INC@1322;log->l_ailp.ail_head_lsn:SET@1322,FALSE_POSITIVE,NO_BUG,FALSE_ALARM,FAILED_OBJECT_TEARDOWN,"The failure prevents publication or mount completion, and the reviewed owner teardown destroys the partially initialized object and its state.",,2026-07-24
XFS-162,xfs,162,xlog_find_tail,linux-sources/linux-v6.14-fs/fs/xfs/xfs_log_recover.c,1361,"xlog_clear_stale_blocks(log, tail_lsn)",1368,return error;,log.l_prev_block:SET@1290;log.l_curr_block:SET@1290;log.l_curr_cycle:SET@1290;log.l_curr_cycle:INC@1290;log->l_ailp.ail_head_lsn:SET@1290;log->l_ailp.ail_head_lsn:SET@1297;log.l_prev_block:SET@1322;log.l_curr_block:SET@1322;log.l_curr_cycle:SET@1322;log.l_curr_cycle:INC@1322;log->l_ailp.ail_head_lsn:SET@1322;log->l_ailp.ail_head_lsn:SET@1325,FALSE_POSITIVE,NO_BUG,FALSE_ALARM,FAILED_OBJECT_TEARDOWN,"The failure prevents publication or mount completion, and the reviewed owner teardown destroys the partially initialized object and its state.",,2026-07-24
XFS-163,xfs,163,xfs_mountfs,linux-sources/linux-v6.14-fs/fs/xfs/xfs_mount.c,806,xfs_check_sizes(mp),1127,return error;,mp.m_allocsize_log:SET@780;mp.m_allocsize_blocks:SET@782,FALSE_POSITIVE,NO_BUG,FALSE_ALARM,FAILED_OBJECT_TEARDOWN,"The failure prevents publication or mount completion, and the reviewed owner teardown destroys the partially initialized object and its state.",,2026-07-24
XFS-164,xfs,164,xfs_mountfs,linux-sources/linux-v6.14-fs/fs/xfs/xfs_mount.c,813,xfs_rtmount_init(mp),1127,return error;,mp.m_allocsize_log:SET@780;mp.m_allocsize_blocks:SET@782,FALSE_POSITIVE,NO_BUG,FALSE_ALARM,FAILED_OBJECT_TEARDOWN,"The failure prevents publication or mount completion, and the reviewed owner teardown destroys the partially initialized object and its state.",,2026-07-24
XFS-165,xfs,165,xfs_mountfs,linux-sources/linux-v6.14-fs/fs/xfs/xfs_mount.c,828,xfs_da_mount(mp),1127,return error;,mp.m_allocsize_log:SET@780;mp.m_allocsize_blocks:SET@782,FALSE_POSITIVE,NO_BUG,FALSE_ALARM,FAILED_OBJECT_TEARDOWN,"The failure prevents publication or mount completion, and the reviewed owner teardown destroys the partially initialized object and its state.",,2026-07-24
XFS-166,xfs,166,xfs_mountfs,linux-sources/linux-v6.14-fs/fs/xfs/xfs_mount.c,842,"xfs_initialize_perag(mp, 0, sbp->sb_agcount, mp->m_sb.sb_dblocks, &mp->m_maxagi)",1127,return error;,mp.m_allocsize_log:SET@780;mp.m_allocsize_blocks:SET@782;mp.xfs_trans_init:ADD@837,FALSE_POSITIVE,NO_BUG,FALSE_ALARM,FAILED_OBJECT_TEARDOWN,"The failure prevents publication or mount completion, and the reviewed owner teardown destroys the partially initialized object and its state.",,2026-07-24
XFS-167,xfs,167,xfs_mountfs,linux-sources/linux-v6.14-fs/fs/xfs/xfs_mount.c,849,"xfs_initialize_rtgroups(mp, 0, sbp->sb_rgcount, mp->m_sb.sb_rextents)",1127,return error;,mp.m_allocsize_log:SET@780;mp.m_allocsize_blocks:SET@782;mp.xfs_trans_init:ADD@837,FALSE_POSITIVE,NO_BUG,FALSE_ALARM,FAILED_OBJECT_TEARDOWN,"The failure prevents publication or mount completion, and the reviewed owner teardown destroys the partially initialized object and its state.",,2026-07-24
XFS-168,xfs,168,xfs_mountfs,linux-sources/linux-v6.14-fs/fs/xfs/xfs_mount.c,862,xfs_inodegc_register_shrinker(mp),1127,return error;,mp.m_allocsize_log:SET@780;mp.m_allocsize_blocks:SET@782;mp.xfs_trans_init:ADD@837,FALSE_POSITIVE,NO_BUG,FALSE_ALARM,FAILED_OBJECT_TEARDOWN,"The failure prevents publication or mount completion, and the reviewed owner teardown destroys the partially initialized object and its state.",,2026-07-24
XFS-169,xfs,169,xfs_mountfs,linux-sources/linux-v6.14-fs/fs/xfs/xfs_mount.c,878,"xfs_log_mount(mp, mp->m_logdev_targp, XFS_FSB_TO_DADDR(mp, sbp->sb_logstart), XFS_FSB_TO_BB(mp, sbp->sb_logblocks))",1127,return error;,mp.m_allocsize_log:SET@780;mp.m_allocsize_blocks:SET@782;mp.xfs_trans_init:ADD@837;mp.xfs_qm_resume_quotaon:INC@871,FALSE_POSITIVE,NO_BUG,FALSE_ALARM,FAILED_OBJECT_TEARDOWN,"The failure prevents publication or mount completion, and the reviewed owner teardown destroys the partially initialized object and its state.",,2026-07-24
XFS-170,xfs,170,xfs_fs_get_quota_state,linux-sources/linux-v6.14-fs/fs/xfs/xfs_quotaops.c,82,"xfs_qm_fill_state(&state->s_state[USRQUOTA], mp, XFS_DQTYPE_USER)",85,return error;,&state->s_state[USRQUOTA].blocks:SET@82,FALSE_POSITIVE,NO_BUG,FALSE_ALARM,INTENTIONAL_PROGRESS_OR_OUTPUT,"The value is an output, retry cursor, cache population, terminal error state, or completed progress that is intentionally retained across the later failure.",,2026-07-24
XFS-171,xfs,171,xfs_fs_get_quota_state,linux-sources/linux-v6.14-fs/fs/xfs/xfs_quotaops.c,86,"xfs_qm_fill_state(&state->s_state[GRPQUOTA], mp, XFS_DQTYPE_GROUP)",89,return error;,&state->s_state[USRQUOTA].blocks:SET@82;&state->s_state[GRPQUOTA].blocks:SET@86,FALSE_POSITIVE,NO_BUG,FALSE_ALARM,INTENTIONAL_PROGRESS_OR_OUTPUT,"The value is an output, retry cursor, cache population, terminal error state, or completed progress that is intentionally retained across the later failure.",,2026-07-24
XFS-172,xfs,172,xfs_fs_get_quota_state,linux-sources/linux-v6.14-fs/fs/xfs/xfs_quotaops.c,90,"xfs_qm_fill_state(&state->s_state[PRJQUOTA], mp, XFS_DQTYPE_PROJ)",93,return error;,&state->s_state[USRQUOTA].blocks:SET@82;&state->s_state[GRPQUOTA].blocks:SET@86;&state->s_state[PRJQUOTA].blocks:SET@90,FALSE_POSITIVE,NO_BUG,FALSE_ALARM,INTENTIONAL_PROGRESS_OR_OUTPUT,"The value is an output, retry cursor, cache population, terminal error state, or completed progress that is intentionally retained across the later failure.",,2026-07-24
XFS-173,xfs,173,xfs_fs_fill_super,linux-sources/linux-v6.14-fs/fs/xfs/xfs_super.c,1588,xfs_open_devices(mp),1590,return error;,sb.s_quota_types:SET@1570,FALSE_POSITIVE,NO_BUG,FALSE_ALARM,FAILED_OBJECT_TEARDOWN,"The failure prevents publication or mount completion, and the reviewed owner teardown destroys the partially initialized object and its state.",,2026-07-24
XFS-174,xfs,174,xfs_fs_fill_super,linux-sources/linux-v6.14-fs/fs/xfs/xfs_super.c,1599,xfs_init_mount_workqueues(mp),1852,return error;,sb.s_quota_types:SET@1570,FALSE_POSITIVE,NO_BUG,FALSE_ALARM,FAILED_OBJECT_TEARDOWN,"The failure prevents publication or mount completion, and the reviewed owner teardown destroys the partially initialized object and its state.",,2026-07-24
XFS-175,xfs,175,xfs_fs_fill_super,linux-sources/linux-v6.14-fs/fs/xfs/xfs_super.c,1603,xfs_init_percpu_counters(mp),1852,return error;,sb.s_quota_types:SET@1570,FALSE_POSITIVE,NO_BUG,FALSE_ALARM,FAILED_OBJECT_TEARDOWN,"The failure prevents publication or mount completion, and the reviewed owner teardown destroys the partially initialized object and its state.",,2026-07-24
XFS-176,xfs,176,xfs_fs_fill_super,linux-sources/linux-v6.14-fs/fs/xfs/xfs_super.c,1607,xfs_inodegc_init_percpu(mp),1852,return error;,sb.s_quota_types:SET@1570,FALSE_POSITIVE,NO_BUG,FALSE_ALARM,FAILED_OBJECT_TEARDOWN,"The failure prevents publication or mount completion, and the reviewed owner teardown destroys the partially initialized object and its state.",,2026-07-24
XFS-177,xfs,177,xfs_fs_fill_super,linux-sources/linux-v6.14-fs/fs/xfs/xfs_super.c,1618,xchk_mount_stats_alloc(mp),1852,return error;,sb.s_quota_types:SET@1570,FALSE_POSITIVE,NO_BUG,FALSE_ALARM,FAILED_OBJECT_TEARDOWN,"The failure prevents publication or mount completion, and the reviewed owner teardown destroys the partially initialized object and its state.",,2026-07-24
XFS-178,xfs,178,xfs_fs_fill_super,linux-sources/linux-v6.14-fs/fs/xfs/xfs_super.c,1622,"xfs_readsb(mp, flags)",1852,return error;,sb.s_quota_types:SET@1570,FALSE_POSITIVE,NO_BUG,FALSE_ALARM,FAILED_OBJECT_TEARDOWN,"The failure prevents publication or mount completion, and the reviewed owner teardown destroys the partially initialized object and its state.",,2026-07-24
XFS-179,xfs,179,xfs_fs_fill_super,linux-sources/linux-v6.14-fs/fs/xfs/xfs_super.c,1626,xfs_finish_flags(mp),1852,return error;,sb.s_quota_types:SET@1570,FALSE_POSITIVE,NO_BUG,FALSE_ALARM,FAILED_OBJECT_TEARDOWN,"The failure prevents publication or mount completion, and the reviewed owner teardown destroys the partially initialized object and its state.",,2026-07-24
XFS-180,xfs,180,xfs_fs_fill_super,linux-sources/linux-v6.14-fs/fs/xfs/xfs_super.c,1630,xfs_setup_devices(mp),1852,return error;,sb.s_quota_types:SET@1570,FALSE_POSITIVE,NO_BUG,FALSE_ALARM,FAILED_OBJECT_TEARDOWN,"The failure prevents publication or mount completion, and the reviewed owner teardown destroys the partially initialized object and its state.",,2026-07-24
XFS-181,xfs,181,xfs_fs_fill_super,linux-sources/linux-v6.14-fs/fs/xfs/xfs_super.c,1737,xfs_rtmount_readsb(mp),1852,return error;,sb.s_quota_types:SET@1570,FALSE_POSITIVE,NO_BUG,FALSE_ALARM,FAILED_OBJECT_TEARDOWN,"The failure prevents publication or mount completion, and the reviewed owner teardown destroys the partially initialized object and its state.",,2026-07-24
XFS-182,xfs,182,xfs_fs_fill_super,linux-sources/linux-v6.14-fs/fs/xfs/xfs_super.c,1741,xfs_filestream_mount(mp),1852,return error;,sb.s_quota_types:SET@1570,FALSE_POSITIVE,NO_BUG,FALSE_ALARM,FAILED_OBJECT_TEARDOWN,"The failure prevents publication or mount completion, and the reviewed owner teardown destroys the partially initialized object and its state.",,2026-07-24
XFS-183,xfs,183,xfs_fs_fill_super,linux-sources/linux-v6.14-fs/fs/xfs/xfs_super.c,1772,xfs_setup_dax_always(mp),1852,return error;,sb.s_quota_types:SET@1570,FALSE_POSITIVE,NO_BUG,FALSE_ALARM,FAILED_OBJECT_TEARDOWN,"The failure prevents publication or mount completion, and the reviewed owner teardown destroys the partially initialized object and its state.",,2026-07-24
XFS-184,xfs,184,xfs_fs_fill_super,linux-sources/linux-v6.14-fs/fs/xfs/xfs_super.c,1817,xfs_mountfs(mp),1852,return error;,sb.s_quota_types:SET@1570;mp.xfs_set_resuming_quotaon:INC@1814,FALSE_POSITIVE,NO_BUG,FALSE_ALARM,FAILED_OBJECT_TEARDOWN,"The failure prevents publication or mount completion, and the reviewed owner teardown destroys the partially initialized object and its state.",,2026-07-24
XFS-185,xfs,185,xfs_trans_reserve,linux-sources/linux-v6.14-fs/fs/xfs/xfs_trans.c,214,"xfs_dec_frextents(mp, rtextents)",241,return error;,mp.xfs_log_reserve:RESERVE@196;tp.t_log_count:SET@205,FALSE_POSITIVE,NO_BUG,FALSE_ALARM,EXPLICIT_RESERVATION_UNWIND,"xfs_dec_frextents failure jumps to undo_log, which ungrants the log ticket and clears t_ticket, t_log_res, and the permanent-reservation flag before returning.",,2026-07-24
XFS-186,xfs,186,xfs_trans_alloc,linux-sources/linux-v6.14-fs/fs/xfs/xfs_trans.c,294,xfs_blockgc_flush_all(mp),296,return error;,tp.t_log_count:SET@284;tp.xfs_trans_free_items:ADD@286;tp.xfs_trans_free:ADD@286,FALSE_POSITIVE,NO_BUG,FALSE_ALARM,PRIVATE_OR_CLEANED_STATE,"The reported effect belongs to an unpublished object, output/cursor, or temporary cache, or is removed by the reviewed error cleanup; no live metadata owner retains it.",,2026-07-24
XFS-187,xfs,187,xfs_trans_alloc,linux-sources/linux-v6.14-fs/fs/xfs/xfs_trans.c,294,xfs_blockgc_flush_all(mp),302,return error;,tp.t_log_count:SET@284;tp.xfs_trans_free_items:ADD@286;tp.xfs_trans_free:ADD@286,FALSE_POSITIVE,NO_BUG,FALSE_ALARM,PRIVATE_OR_CLEANED_STATE,"The reported effect belongs to an unpublished object, output/cursor, or temporary cache, or is removed by the reviewed error cleanup; no live metadata owner retains it.",,2026-07-24
XFS-188,xfs,188,xfs_trans_ail_cursor_first,linux-sources/linux-v6.14-fs/fs/xfs/xfs_trans_ail.c,222,xfs_ail_min(ailp),235,return lip;,ailp.xfs_trans_ail_cursor_init:ADD@219;ailp->ail_cursors.list_membership:ADD@219,FALSE_POSITIVE,NO_BUG,FALSE_ALARM,INTENTIONAL_PROGRESS_OR_OUTPUT,"The value is an output, retry cursor, cache population, terminal error state, or completed progress that is intentionally retained across the later failure.",,2026-07-24
XFS-189,xfs,189,xfs_trans_reserve_quota_bydquots,linux-sources/linux-v6.14-fs/fs/xfs/xfs_trans_dquot.c,943,"xfs_trans_dqresv(tp, mp, gdqp, nblks, ninos, flags)",967,return error;,tp.xfs_trans_dqresv:ADD@937;mp.xfs_quota_warn:INC@937;udqp->q_ino.reserved:INC@937;tp.xfs_trans_mod_dquot:INC@937,FALSE_POSITIVE,NO_BUG,FALSE_ALARM,EXPLICIT_QUOTA_UNWIND,Group reservation failure jumps to unwind_usr and reverses the prior user reservation with forced negative xfs_trans_dqresv().,,2026-07-24
XFS-190,xfs,190,xfs_trans_reserve_quota_bydquots,linux-sources/linux-v6.14-fs/fs/xfs/xfs_trans_dquot.c,949,"xfs_trans_dqresv(tp, mp, pdqp, nblks, ninos, flags)",967,return error;,tp.xfs_trans_dqresv:ADD@937;tp.xfs_trans_dqresv:ADD@943;mp.xfs_quota_warn:INC@937;udqp->q_ino.reserved:INC@937;tp.xfs_trans_mod_dquot:INC@937;mp.xfs_quota_warn:INC@943;gdqp->q_ino.reserved:INC@943;tp.xfs_trans_mod_dquot:INC@943,FALSE_POSITIVE,NO_BUG,FALSE_ALARM,EXPLICIT_QUOTA_UNWIND,"Project reservation failure runs unwind_grp and unwind_usr, reversing both prior group and user reservations before return.",,2026-07-24
F2FS-001,f2fs,1,do_checkpoint,linux-sources/linux-v6.14-fs/fs/f2fs/checkpoint.c,1593,f2fs_flush_device_cache(sbi),1595,return err;,ckpt.free_segment_count:SET@1491;ckpt.cp_pack_total_block_count:SET@1521;ckpt.cp_pack_total_block_count:SET@1525;sbi.write_orphan_inodes:ADD@1566;seg_i->journal->info.kbytes_written:SET@1577,FALSE_POSITIVE,NO_BUG,FALSE_ALARM,PRIVATE_OR_CLEANED_STATE,"The reported effect belongs to an unpublished object, output/cursor, or temporary cache, or is removed by the reviewed error cleanup; no live metadata owner retains it.",,2026-07-24
F2FS-002,f2fs,2,f2fs_map_blocks,linux-sources/linux-v6.14-fs/fs/f2fs/data.c,1568,"f2fs_get_dnode_of_data(&dn, pgofs, mode)",1783,return err;,map.m_bdev:SET@1551;map.m_bdev:SET@1548,FALSE_POSITIVE,NO_BUG,FALSE_ALARM,PRIVATE_OR_CLEANED_STATE,"The reported effect belongs to an unpublished object, output/cursor, or temporary cache, or is removed by the reviewed error cleanup; no live metadata owner retains it.",,2026-07-24
F2FS-003,f2fs,3,f2fs_ioc_start_atomic_write,linux-sources/linux-v6.14-fs/fs/f2fs/file.c,2244,"f2fs_do_truncate_blocks(fi->cow_inode, 0, true)",2278,return ret;,F2FS_I(fi->cow_inode).atomic_inode:SET@2237,FALSE_POSITIVE,NO_BUG,FALSE_ALARM,PRIVATE_OR_CLEANED_STATE,"The reported effect belongs to an unpublished object, output/cursor, or temporary cache, or is removed by the reviewed error cleanup; no live metadata owner retains it.",,2026-07-24
F2FS-004,f2fs,4,f2fs_resize_fs,linux-sources/linux-v6.14-fs/fs/f2fs/gc.c,2317,"f2fs_write_checkpoint(sbi, &cpc)",2337,return err;,SM_I(sbi).segment_count:SET@2312;FREE_I(sbi).free_sections:SET@2312;FREE_I(sbi).free_segments:SET@2312;F2FS_CKPT(sbi).user_block_count:SET@2312,FALSE_POSITIVE,NO_BUG,FALSE_ALARM,PRIVATE_OR_CLEANED_STATE,"The reported effect belongs to an unpublished object, output/cursor, or temporary cache, or is removed by the reviewed error cleanup; no live metadata owner retains it.",,2026-07-24
F2FS-005,f2fs,5,f2fs_resize_fs,linux-sources/linux-v6.14-fs/fs/f2fs/gc.c,2317,"f2fs_write_checkpoint(sbi, &cpc)",2337,return err;,SM_I(sbi).segment_count:SET@2312;FREE_I(sbi).free_sections:SET@2312;FREE_I(sbi).free_segments:SET@2312;F2FS_CKPT(sbi).user_block_count:SET@2312,FALSE_POSITIVE,NO_BUG,FALSE_ALARM,PRIVATE_OR_CLEANED_STATE,"The reported effect belongs to an unpublished object, output/cursor, or temporary cache, or is removed by the reviewed error cleanup; no live metadata owner retains it.",,2026-07-24
F2FS-006,f2fs,6,truncate_dnode,linux-sources/linux-v6.14-fs/fs/f2fs/node.c,974,truncate_node(dn),977,return err;,dn.node_page:SET@971,FALSE_POSITIVE,NO_BUG,FALSE_ALARM,PRIVATE_OR_CLEANED_STATE,"The reported effect belongs to an unpublished object, output/cursor, or temporary cache, or is removed by the reviewed error cleanup; no live metadata owner retains it.",,2026-07-24
F2FS-007,f2fs,7,truncate_partial_nodes,linux-sources/linux-v6.14-fs/fs/f2fs/node.c,1104,truncate_node(dn),1119,return err;,dn.node_page:SET@1094,FALSE_POSITIVE,NO_BUG,FALSE_ALARM,PRIVATE_OR_CLEANED_STATE,"The reported effect belongs to an unpublished object, output/cursor, or temporary cache, or is removed by the reviewed error cleanup; no live metadata owner retains it.",,2026-07-24
F2FS-008,f2fs,8,__get_nat_bitmaps,linux-sources/linux-v6.14-fs/fs/f2fs/node.c,3200,"f2fs_get_meta_page(sbi, nat_bits_addr++)",3202,return PTR_ERR(page);,nm_i.nat_bits_blocks:SET@3183,FALSE_POSITIVE,NO_BUG,FALSE_ALARM,PRIVATE_OR_CLEANED_STATE,"The reported effect belongs to an unpublished object, output/cursor, or temporary cache, or is removed by the reviewed error cleanup; no live metadata owner retains it.",,2026-07-24
F2FS-009,f2fs,9,init_node_manager,linux-sources/linux-v6.14-fs/fs/f2fs/node.c,3299,__get_nat_bitmaps(sbi),3301,return err;,nm_i.nat_blocks:SET@3267;nm_i.dirty_nats_ratio:SET@3277;nm_i.max_rf_node_blocks:SET@3278,FALSE_POSITIVE,NO_BUG,FALSE_ALARM,PRIVATE_OR_CLEANED_STATE,"The reported effect belongs to an unpublished object, output/cursor, or temporary cache, or is removed by the reviewed error cleanup; no live metadata owner retains it.",,2026-07-24
F2FS-010,f2fs,10,init_recovered_filename,linux-sources/linux-v6.14-fs/fs/f2fs/recovery.c,148,"f2fs_init_casefolded_name(dir, fname)",150,return err;,fname->disk_name.len:SET@125;fname->disk_name.name:SET@126;usr_fname.name:SET@132,FALSE_POSITIVE,NO_BUG,FALSE_ALARM,PRIVATE_OR_CLEANED_STATE,"The reported effect belongs to an unpublished object, output/cursor, or temporary cache, or is removed by the reviewed error cleanup; no live metadata owner retains it.",,2026-07-24
F2FS-011,f2fs,11,recover_dentry,linux-sources/linux-v6.14-fs/fs/f2fs/recovery.c,186,"init_recovered_filename(dir, raw_inode, &fname, &usr_fname)",238,return err;,&fname->disk_name.len:SET@186;&fname->disk_name.name:SET@186,FALSE_POSITIVE,NO_BUG,FALSE_ALARM,PRIVATE_OR_CLEANED_STATE,"The reported effect belongs to an unpublished object, output/cursor, or temporary cache, or is removed by the reviewed error cleanup; no live metadata owner retains it.",,2026-07-24
F2FS-012,f2fs,12,recover_dentry,linux-sources/linux-v6.14-fs/fs/f2fs/recovery.c,204,f2fs_dquot_initialize(einode),238,return err;,&fname->disk_name.len:SET@186;&fname->disk_name.name:SET@186,FALSE_POSITIVE,NO_BUG,FALSE_ALARM,PRIVATE_OR_CLEANED_STATE,"The reported effect belongs to an unpublished object, output/cursor, or temporary cache, or is removed by the reviewed error cleanup; no live metadata owner retains it.",,2026-07-24
F2FS-013,f2fs,13,recover_dentry,linux-sources/linux-v6.14-fs/fs/f2fs/recovery.c,210,f2fs_acquire_orphan_inode(F2FS_I_SB(inode)),238,return err;,einode.f2fs_dquot_initialize:INC@204;&fname->disk_name.len:SET@186;&fname->disk_name.name:SET@186,FALSE_POSITIVE,NO_BUG,FALSE_ALARM,PRIVATE_OR_CLEANED_STATE,"The reported effect belongs to an unpublished object, output/cursor, or temporary cache, or is removed by the reviewed error cleanup; no live metadata owner retains it.",,2026-07-24
F2FS-014,f2fs,14,recover_inode,linux-sources/linux-v6.14-fs/fs/f2fs/recovery.c,289,"recover_quota_data(inode, page)",291,return err;,inode.i_mode:SET@287;nop_mnt_idmap.dquot_transfer:INC@289,FALSE_POSITIVE,NO_BUG,FALSE_ALARM,PRIVATE_OR_CLEANED_STATE,"The reported effect belongs to an unpublished object, output/cursor, or temporary cache, or is removed by the reviewed error cleanup; no live metadata owner retains it.",,2026-07-24
F2FS-015,f2fs,15,recover_inode,linux-sources/linux-v6.14-fs/fs/f2fs/recovery.c,307,"f2fs_transfer_project_quota(inode, kprojid)",310,return err;,inode.i_mode:SET@287;inode.recover_quota_data:INC@289;nop_mnt_idmap.dquot_transfer:INC@289,FALSE_POSITIVE,NO_BUG,FALSE_ALARM,PRIVATE_OR_CLEANED_STATE,"The reported effect belongs to an unpublished object, output/cursor, or temporary cache, or is removed by the reviewed error cleanup; no live metadata owner retains it.",,2026-07-24
F2FS-016,f2fs,16,find_fsync_dnodes,linux-sources/linux-v6.14-fs/fs/f2fs/recovery.c,471,"sanity_check_node_chain(sbi, blkaddr, &blkaddr_fast, &is_detecting)",476,return err;,entry.blkaddr:SET@462;entry.last_dentry:SET@465,FALSE_POSITIVE,NO_BUG,FALSE_ALARM,PRIVATE_OR_CLEANED_STATE,"The reported effect belongs to an unpublished object, output/cursor, or temporary cache, or is removed by the reviewed error cleanup; no live metadata owner retains it.",,2026-07-24
F2FS-017,f2fs,17,recover_data,linux-sources/linux-v6.14-fs/fs/f2fs/recovery.c,811,"recover_inode(entry->inode, page)",844,return err;,entry->inode.i_mode:SET@811;entry->inode.recover_quota_data:INC@811,FALSE_POSITIVE,NO_BUG,FALSE_ALARM,PRIVATE_OR_CLEANED_STATE,"The reported effect belongs to an unpublished object, output/cursor, or temporary cache, or is removed by the reviewed error cleanup; no live metadata owner retains it.",,2026-07-24
F2FS-018,f2fs,18,recover_data,linux-sources/linux-v6.14-fs/fs/f2fs/recovery.c,818,"recover_dentry(entry->inode, page, dir_list)",844,return err;,entry->inode.i_mode:SET@811;entry->inode.recover_quota_data:INC@811;entry->inode.f2fs_transfer_project_quota:INC@811,FALSE_POSITIVE,NO_BUG,FALSE_ALARM,PRIVATE_OR_CLEANED_STATE,"The reported effect belongs to an unpublished object, output/cursor, or temporary cache, or is removed by the reviewed error cleanup; no live metadata owner retains it.",,2026-07-24
F2FS-019,f2fs,19,recover_data,linux-sources/linux-v6.14-fs/fs/f2fs/recovery.c,824,"do_recover_data(sbi, entry->inode, page)",844,return err;,entry->inode.i_mode:SET@811;entry->inode.recover_quota_data:INC@811;entry->inode.f2fs_transfer_project_quota:INC@811;F2FS_I_SB(entry->inode.f2fs_acquire_orphan_inode:ADD@818,FALSE_POSITIVE,NO_BUG,FALSE_ALARM,PRIVATE_OR_CLEANED_STATE,"The reported effect belongs to an unpublished object, output/cursor, or temporary cache, or is removed by the reviewed error cleanup; no live metadata owner retains it.",,2026-07-24
F2FS-020,f2fs,20,__submit_discard_cmd,linux-sources/linux-v6.14-fs/fs/f2fs/segment.c,1339,"__blkdev_issue_discard(bdev, SECTOR_FROM_BLOCK(start), SECTOR_FROM_BLOCK(len), GFP_NOFS, &bio)",1393,return err;,dc.bio_ref:INC@1295,FALSE_POSITIVE,NO_BUG,FALSE_ALARM,PRIVATE_OR_CLEANED_STATE,"The reported effect belongs to an unpublished object, output/cursor, or temporary cache, or is removed by the reviewed error cleanup; no live metadata owner retains it.",,2026-07-24
F2FS-021,f2fs,21,f2fs_allocate_data_block,linux-sources/linux-v6.14-fs/fs/f2fs/segment.c,3802,"change_curseg(sbi, type)",3850,return ret;,curseg.fragment_remained_chunk:SET@3761;SIT_I(sbi).written_valid_blocks:INC@3779;SIT_I(sbi).written_valid_blocks:INC@3780,TRUE_RESIDUAL,NO_BUG,CONTAINED_NOT_BUG,CHECKPOINT_ERROR_CONTAINMENT,"SIT and curseg state are changed before change_curseg reads the SSR summary.  That read uses f2fs_get_meta_page_retry(), whose terminal error calls f2fs_stop_checkpoint(); the filesystem is quarantined and the uncheckpointed allocation is discarded on recovery.",,2026-07-24
F2FS-022,f2fs,22,read_compacted_summaries,linux-sources/linux-v6.14-fs/fs/f2fs/segment.c,4264,"f2fs_get_meta_page(sbi, start++)",4266,return PTR_ERR(page);,seg_i.alloc_type:SET@4245,FALSE_POSITIVE,NO_BUG,FALSE_ALARM,PRIVATE_OR_CLEANED_STATE,"The reported effect belongs to an unpublished object, output/cursor, or temporary cache, or is removed by the reviewed error cleanup; no live metadata owner retains it.",,2026-07-24
F2FS-023,f2fs,23,build_sit_entries,linux-sources/linux-v6.14-fs/fs/f2fs/segment.c,4984,"check_block_count(sbi, start, &sit)",5020,return err;,"get_sec_entry(sbi, start_blk * sit_i->sents_per_block).valid_blocks:INC@4958;curseg->journal.segno_in_journal:ADD@4968;curseg->journal.sit_in_journal:ADD@4978",FALSE_POSITIVE,NO_BUG,FALSE_ALARM,PRIVATE_OR_CLEANED_STATE,"The reported effect belongs to an unpublished object, output/cursor, or temporary cache, or is removed by the reviewed error cleanup; no live metadata owner retains it.",,2026-07-24
F2FS-024,f2fs,24,build_sit_entries,linux-sources/linux-v6.14-fs/fs/f2fs/segment.c,4984,"check_block_count(sbi, start, &sit)",5020,return err;,"get_sec_entry(sbi, start_blk * sit_i->sents_per_block).valid_blocks:INC@4958;curseg->journal.segno_in_journal:ADD@4968;curseg->journal.sit_in_journal:ADD@4978",FALSE_POSITIVE,NO_BUG,FALSE_ALARM,PRIVATE_OR_CLEANED_STATE,"The reported effect belongs to an unpublished object, output/cursor, or temporary cache, or is removed by the reviewed error cleanup; no live metadata owner retains it.",,2026-07-24
F2FS-025,f2fs,25,f2fs_build_segment_manager,linux-sources/linux-v6.14-fs/fs/f2fs/segment.c,5672,sanity_check_curseg(sbi),5674,return err;,SIT_I(sbi).written_valid_blocks:INC@5667;SM_I(sbi).dirty_info:SET@5668,FALSE_POSITIVE,NO_BUG,FALSE_ALARM,PRIVATE_OR_CLEANED_STATE,"The reported effect belongs to an unpublished object, output/cursor, or temporary cache, or is removed by the reviewed error cleanup; no live metadata owner retains it.",,2026-07-24
F2FS-026,f2fs,26,parse_options,linux-sources/linux-v6.14-fs/fs/f2fs/super.c,1042,"f2fs_set_test_dummy_encryption(sb, p, &args[0], is_remount)",1045,return ret;,F2FS_OPTION(sbi).root_reserved_blocks:SET@860;F2FS_OPTION(sbi).alloc_mode:SET@1015;F2FS_OPTION(sbi).alloc_mode:SET@1017;sb.sb_any_quota_loaded:INC@947;sb.sb_any_quota_loaded:INC@952;sb.sb_any_quota_loaded:INC@957;sb.sb_any_quota_loaded:INC@962;sb.sb_any_quota_loaded:INC@967;sb.sb_any_quota_loaded:INC@972,FALSE_POSITIVE,NO_BUG,FALSE_ALARM,PRIVATE_OR_CLEANED_STATE,"The reported effect belongs to an unpublished object, output/cursor, or temporary cache, or is removed by the reviewed error cleanup; no live metadata owner retains it.",,2026-07-24
F2FS-027,f2fs,27,f2fs_remount,linux-sources/linux-v6.14-fs/fs/f2fs/super.c,2534,f2fs_start_ckpt_thread(sbi),2595,return err;,sb.dquot_suspend:INC@2394;sb.sb_any_quota_suspended:INC@2400;sb.dquot_resume:INC@2401;sb.f2fs_enable_quotas:INC@2403;sb.f2fs_quota_enable:INC@2403;sb.dquot_quota_off:INC@2403;sbi.unusable_block_count:SET@2512,FALSE_POSITIVE,NO_BUG,FALSE_ALARM,PRIVATE_OR_CLEANED_STATE,"The reported effect belongs to an unpublished object, output/cursor, or temporary cache, or is removed by the reviewed error cleanup; no live metadata owner retains it.",,2026-07-24
F2FS-028,f2fs,28,init_blkz_info,linux-sources/linux-v6.14-fs/fs/f2fs/super.c,3976,"blkdev_report_zones(bdev, 0, BLK_ALL_ZONES, f2fs_report_zone_cb, &rep_zone_arg)",3979,return ret;,sbi.blocks_per_blkz:SET@3960,FALSE_POSITIVE,NO_BUG,FALSE_ALARM,PRIVATE_OR_CLEANED_STATE,"The reported effect belongs to an unpublished object, output/cursor, or temporary cache, or is removed by the reviewed error cleanup; no live metadata owner retains it.",,2026-07-24
F2FS-029,f2fs,29,f2fs_scan_devices,linux-sources/linux-v6.14-fs/fs/f2fs/super.c,4318,"bdev_file_open_by_path( FDEV(i).path, mode, sbi->sb, NULL)",4323,return PTR_ERR(FDEV(i).bdev_file);,sbi.blkzone_alloc_policy:SET@4293;FDEV(0).bdev_file:SET@4298;FDEV(i).bdev_file:SET@4318,FALSE_POSITIVE,NO_BUG,FALSE_ALARM,PRIVATE_OR_CLEANED_STATE,"The reported effect belongs to an unpublished object, output/cursor, or temporary cache, or is removed by the reviewed error cleanup; no live metadata owner retains it.",,2026-07-24
F2FS-030,f2fs,30,f2fs_fill_super,linux-sources/linux-v6.14-fs/fs/f2fs/super.c,4498,"parse_options(sb, options, false)",4445,return -ENOMEM;,F2FS_OPTION(sbi).alloc_mode:SET@4490;F2FS_OPTION(sbi).compress_log_size:SET@4490,FALSE_POSITIVE,NO_BUG,FALSE_ALARM,FAILED_OBJECT_TEARDOWN,"The failure prevents publication or mount completion, and the reviewed owner teardown destroys the partially initialized object and its state.",,2026-07-24
F2FS-031,f2fs,31,f2fs_fill_super,linux-sources/linux-v6.14-fs/fs/f2fs/super.c,4506,f2fs_setup_casefold(sbi),4445,return -ENOMEM;,F2FS_OPTION(sbi).alloc_mode:SET@4490;F2FS_OPTION(sbi).compress_log_size:SET@4490,FALSE_POSITIVE,NO_BUG,FALSE_ALARM,FAILED_OBJECT_TEARDOWN,"The failure prevents publication or mount completion, and the reviewed owner teardown destroys the partially initialized object and its state.",,2026-07-24
F2FS-032,f2fs,32,f2fs_fill_super,linux-sources/linux-v6.14-fs/fs/f2fs/super.c,4546,f2fs_init_write_merge_io(sbi),4445,return -ENOMEM;,sb.s_quota_types:SET@4513;F2FS_OPTION(sbi).alloc_mode:SET@4490;F2FS_OPTION(sbi).compress_log_size:SET@4490,FALSE_POSITIVE,NO_BUG,FALSE_ALARM,FAILED_OBJECT_TEARDOWN,"The failure prevents publication or mount completion, and the reviewed owner teardown destroys the partially initialized object and its state.",,2026-07-24
F2FS-033,f2fs,33,f2fs_fill_super,linux-sources/linux-v6.14-fs/fs/f2fs/super.c,4552,f2fs_init_iostat(sbi),4445,return -ENOMEM;,sb.s_quota_types:SET@4513;F2FS_OPTION(sbi).alloc_mode:SET@4490;F2FS_OPTION(sbi).compress_log_size:SET@4490;sbi.log_sectors_per_block:SET@4550;sbi.log_blocksize:SET@4550;sbi.log_blocks_per_seg:SET@4550;sbi.blocks_per_seg:SET@4550;sbi.total_node_count:SET@4550;sbi.max_fragment_chunk:SET@4550;sbi.dir_level:SET@4550,FALSE_POSITIVE,NO_BUG,FALSE_ALARM,FAILED_OBJECT_TEARDOWN,"The failure prevents publication or mount completion, and the reviewed owner teardown destroys the partially initialized object and its state.",,2026-07-24
F2FS-034,f2fs,34,f2fs_fill_super,linux-sources/linux-v6.14-fs/fs/f2fs/super.c,4556,init_percpu_info(sbi),4445,return -ENOMEM;,sb.s_quota_types:SET@4513;F2FS_OPTION(sbi).alloc_mode:SET@4490;F2FS_OPTION(sbi).compress_log_size:SET@4490;sbi.log_sectors_per_block:SET@4550;sbi.log_blocksize:SET@4550;sbi.log_blocks_per_seg:SET@4550;sbi.blocks_per_seg:SET@4550;sbi.total_node_count:SET@4550;sbi.max_fragment_chunk:SET@4550;sbi.dir_level:SET@4550,FALSE_POSITIVE,NO_BUG,FALSE_ALARM,FAILED_OBJECT_TEARDOWN,"The failure prevents publication or mount completion, and the reviewed owner teardown destroys the partially initialized object and its state.",,2026-07-24
F2FS-035,f2fs,35,f2fs_fill_super,linux-sources/linux-v6.14-fs/fs/f2fs/super.c,4561,f2fs_init_xattr_caches(sbi),4445,return -ENOMEM;,sb.s_quota_types:SET@4513;F2FS_OPTION(sbi).alloc_mode:SET@4490;F2FS_OPTION(sbi).compress_log_size:SET@4490;sbi.log_sectors_per_block:SET@4550;sbi.log_blocksize:SET@4550;sbi.log_blocks_per_seg:SET@4550;sbi.blocks_per_seg:SET@4550;sbi.total_node_count:SET@4550;sbi.max_fragment_chunk:SET@4550;sbi.dir_level:SET@4550,FALSE_POSITIVE,NO_BUG,FALSE_ALARM,FAILED_OBJECT_TEARDOWN,"The failure prevents publication or mount completion, and the reviewed owner teardown destroys the partially initialized object and its state.",,2026-07-24
F2FS-036,f2fs,36,f2fs_fill_super,linux-sources/linux-v6.14-fs/fs/f2fs/super.c,4564,f2fs_init_page_array_cache(sbi),4445,return -ENOMEM;,sb.s_quota_types:SET@4513;F2FS_OPTION(sbi).alloc_mode:SET@4490;F2FS_OPTION(sbi).compress_log_size:SET@4490;sbi.log_sectors_per_block:SET@4550;sbi.log_blocksize:SET@4550;sbi.log_blocks_per_seg:SET@4550;sbi.blocks_per_seg:SET@4550;sbi.total_node_count:SET@4550;sbi.max_fragment_chunk:SET@4550;sbi.dir_level:SET@4550,FALSE_POSITIVE,NO_BUG,FALSE_ALARM,FAILED_OBJECT_TEARDOWN,"The failure prevents publication or mount completion, and the reviewed owner teardown destroys the partially initialized object and its state.",,2026-07-24
F2FS-037,f2fs,37,f2fs_register_sysfs,linux-sources/linux-v6.14-fs/fs/f2fs/sysfs.c,1652,"kobject_init_and_add(&sbi->s_feature_list_kobj, &f2fs_feature_list_ktype, &sbi->s_kobj, ""feature_list"")",1688,return err;,sbi->s_feature_list_kobj.kset:SET@1650,FALSE_POSITIVE,NO_BUG,FALSE_ALARM,PRIVATE_OR_CLEANED_STATE,"The reported effect belongs to an unpublished object, output/cursor, or temporary cache, or is removed by the reviewed error cleanup; no live metadata owner retains it.",,2026-07-24
F2FS-038,f2fs,38,__f2fs_setxattr,linux-sources/linux-v6.14-fs/fs/f2fs/xattr.c,769,"write_all_xattrs(inode, new_hsize, base_addr, ipage)",798,return error;,last.e_name_index:SET@754;last.e_name_len:SET@755,FALSE_POSITIVE,NO_BUG,FALSE_ALARM,PRIVATE_OR_CLEANED_STATE,"The reported effect belongs to an unpublished object, output/cursor, or temporary cache, or is removed by the reviewed error cleanup; no live metadata owner retains it.",,2026-07-24
